ADM0_NAME,ADM0_PCODE,ADM1_NAME,ADM1_PCODE,F_TL,M_TL,T_TL,F_00_04,F_05_09,F_10_14,F_15_19,F_20_24,F_25_29,F_30_34,F_35_39,F_40_44,F_45_49,F_50_54,F_55_59,F_60_64,F_65_69,F_70_74,F_75_79,F_80_84,F_85_89,F_90_94,F_95_99,F_100Plus,F_Unstated,M_00_04,M_05_09,M_10_14,M_15_19,M_20_24,M_25_29,M_30_34,M_35_39,M_40_44,M_45_49,M_50_54,M_55_59,M_60_64,M_65_69,M_70_74,M_75_79,M_80_84,M_85_89,M_90_94,M_95_99,M_100Plus,M_Unstated,T_00_04,T_05_09,T_10_14,T_15_19,T_20_24,T_25_29,T_30_34,T_35_39,T_40_44,T_45_49,T_50_54,T_55_59,T_60_64,T_65_69,T_70_74,T_75_79,T_80_84,T_85_89,T_90_94,T_95_99,T_100Plus,T_Unstated,Unnamed: 73,Unnamed: 74,Unnamed: 75,Unnamed: 76,Unnamed: 77,Unnamed: 78,Unnamed: 79,Unnamed: 80,Unnamed: 81,Unnamed: 82,Unnamed: 83,Unnamed: 84,Unnamed: 85,Unnamed: 86,Unnamed: 87,Unnamed: 88,Unnamed: 89,Unnamed: 90,Unnamed: 91,Unnamed: 92,Unnamed: 93,Unnamed: 94,Unnamed: 95,Unnamed: 96,population_share_%
Kenya,KE,Nairobi,KE047,2204376.0,2192452.0,4396828.0,260888.0,217482.0,193542.0,192755.0,313485.0,300845.0,245994.0,163995.0,113884.0,74213.0,47732.0,31862.0,19083.0,11925.0,7785.0,3962.0,2529.0,1253.0,603.0,319.0,171.0,69.0,264099.0,215230.0,185008.0,159098.0,249534.0,282703.0,249476.0,181801.0,139278.0,100719.0,66217.0,44739.0,24901.0,14458.0,8569.0,3475.0,1856.0,797.0,270.0,115.0,35.0,74.0,524987.0,432712.0,378550.0,351853.0,563019.0,583548.0,495470.0,345796.0,253162.0,174932.0,113949.0,76601.0,43984.0,26383.0,16354.0,7437.0,4385.0,2050.0,873.0,434.0,206.0,143.0,,,,,,,,,,,,,,,,,,,,,,,,,9.244263559743743
Kenya,KE,Kiambu,KE022,1230454.0,1187146.0,2417600.0,138012.0,120815.0,114114.0,110122.0,145119.0,131143.0,117478.0,91096.0,69940.0,54018.0,40104.0,30232.0,19355.0,15432.0,12420.0,8337.0,5666.0,3620.0,1733.0,1114.0,566.0,18.0,140129.0,120985.0,113216.0,101799.0,122974.0,122818.0,112118.0,90232.0,73113.0,58582.0,42612.0,31759.0,19630.0,14543.0,11176.0,5183.0,3323.0,1791.0,677.0,364.0,92.0,30.0,278141.0,241800.0,227330.0,211921.0,268093.0,253961.0,229596.0,181328.0,143053.0,112600.0,82716.0,61991.0,38985.0,29975.0,23596.0,13520.0,8989.0,5411.0,2410.0,1478.0,658.0,48.0,,,,,,,,,,,,,,,,,,,,,,,,,5.08296698939246
Kenya,KE,Nakuru,KE032,1084835.0,1077272.0,2162107.0,135314.0,132242.0,136219.0,116178.0,108930.0,94315.0,89498.0,64480.0,51924.0,42614.0,30965.0,25376.0,17059.0,13295.0,10321.0,6772.0,4247.0,2667.0,1247.0,733.0,429.0,10.0,138017.0,135252.0,138271.0,119280.0,103326.0,86502.0,81279.0,65698.0,56047.0,45618.0,32047.0,25322.0,16781.0,13259.0,9725.0,4863.0,3169.0,1630.0,641.0,387.0,127.0,31.0,273331.0,267494.0,274490.0,235458.0,212256.0,180817.0,170777.0,130178.0,107971.0,88232.0,63012.0,50698.0,33840.0,26554.0,20046.0,11635.0,7416.0,4297.0,1888.0,1120.0,556.0,41.0,,,,,,,,,,,,,,,,,,,,,,,,,4.545796868189264
Kenya,KE,Kakamega,KE037,970406.0,897133.0,1867539.0,113559.0,134555.0,147002.0,118406.0,79144.0,63950.0,66096.0,43063.0,42651.0,33453.0,29797.0,27417.0,23048.0,17267.0,12321.0,8419.0,5278.0,3276.0,979.0,554.0,156.0,15.0,112360.0,134230.0,144975.0,120265.0,70440.0,50363.0,50695.0,41408.0,38070.0,30545.0,24415.0,22399.0,19330.0,14387.0,10503.0,5649.0,3879.0,2105.0,746.0,306.0,47.0,16.0,225919.0,268785.0,291977.0,238671.0,149584.0,114313.0,116791.0,84471.0,80721.0,63998.0,54212.0,49816.0,42378.0,31654.0,22824.0,14068.0,9157.0,5381.0,1725.0,860.0,203.0,31.0,,,,,,,,,,,,,,,,,,,,,,,,,3.9264721576782784
Kenya,KE,Bungoma,KE039,858389.0,812146.0,1670535.0,110069.0,126486.0,133921.0,106485.0,74162.0,59132.0,57000.0,35486.0,34866.0,26841.0,22101.0,21266.0,16289.0,11977.0,8655.0,5840.0,3896.0,2503.0,848.0,465.0,100.0,1.0,109105.0,126822.0,133033.0,109337.0,65615.0,49457.0,46615.0,35762.0,32035.0,26584.0,19025.0,18428.0,14478.0,9746.0,6750.0,4028.0,2841.0,1629.0,555.0,253.0,41.0,7.0,219174.0,253308.0,266954.0,215822.0,139777.0,108589.0,103615.0,71248.0,66901.0,53425.0,41126.0,39694.0,30767.0,21723.0,15405.0,9868.0,6737.0,4132.0,1403.0,718.0,141.0,8.0,,,,,,,,,,,,,,,,,,,,,,,,,3.5122742635774045
Kenya,KE,Meru,KE012,777975.0,767698.0,1545673.0,84878.0,87068.0,97080.0,83385.0,67176.0,56462.0,60428.0,50953.0,41124.0,35146.0,23349.0,23555.0,18641.0,15419.0,13682.0,6713.0,6074.0,3217.0,1901.0,926.0,784.0,14.0,85384.0,87982.0,97842.0,81866.0,64934.0,56368.0,57082.0,53003.0,44922.0,35815.0,24760.0,22436.0,17297.0,14021.0,10957.0,5294.0,3909.0,2071.0,926.0,518.0,295.0,16.0,170262.0,175050.0,194922.0,165251.0,132110.0,112830.0,117510.0,103956.0,86046.0,70961.0,48109.0,45991.0,35938.0,29440.0,24639.0,12007.0,9983.0,5288.0,2827.0,1444.0,1079.0,30.0,,,,,,,,,,,,,,,,,,,,,,,,,3.24975382006751
Kenya,KE,Kilifi,KE003,749673.0,704089.0,1453762.0,99912.0,102458.0,103193.0,85085.0,71704.0,60525.0,54385.0,32187.0,33860.0,22598.0,18232.0,15716.0,17882.0,11435.0,8860.0,5000.0,3337.0,1878.0,752.0,418.0,245.0,11.0,100919.0,103727.0,103579.0,87265.0,63687.0,51335.0,41577.0,31026.0,29246.0,23908.0,17809.0,14330.0,11712.0,9900.0,6441.0,3726.0,1999.0,1124.0,406.0,249.0,118.0,6.0,200831.0,206185.0,206772.0,172350.0,135391.0,111860.0,95962.0,63213.0,63106.0,46506.0,36041.0,30046.0,29594.0,21335.0,15301.0,8726.0,5336.0,3002.0,1158.0,667.0,363.0,17.0,,,,,,,,,,,,,,,,,,,,,,,,,3.0565123496166287
Kenya,KE,Machakos,KE016,711191.0,710707.0,1421898.0,72770.0,74089.0,82134.0,71840.0,65975.0,58769.0,57783.0,47027.0,40046.0,30876.0,23562.0,21631.0,18549.0,15250.0,10993.0,6914.0,5364.0,3267.0,2510.0,1193.0,643.0,6.0,74088.0,76471.0,84081.0,75280.0,65216.0,58218.0,56392.0,48810.0,41665.0,34014.0,23944.0,20955.0,18177.0,12831.0,8979.0,4167.0,3572.0,1799.0,1175.0,579.0,282.0,12.0,146858.0,150560.0,166215.0,147120.0,131191.0,116987.0,114175.0,95837.0,81711.0,64890.0,47506.0,42586.0,36726.0,28081.0,19972.0,11081.0,8936.0,5066.0,3685.0,1772.0,925.0,18.0,,,,,,,,,,,,,,,,,,,,,,,,,2.989518777416926
Kenya,KE,Kisii,KE045,661038.0,605784.0,1266822.0,71694.0,85870.0,97319.0,75025.0,56929.0,51801.0,54522.0,30559.0,26848.0,26405.0,14594.0,20538.0,16584.0,11775.0,8514.0,4438.0,3667.0,2209.0,955.0,486.0,299.0,7.0,71813.0,86080.0,98067.0,75142.0,45597.0,39271.0,39158.0,30178.0,26770.0,21495.0,14914.0,18077.0,14127.0,9754.0,7030.0,3439.0,2474.0,1485.0,534.0,272.0,92.0,15.0,143507.0,171950.0,195386.0,150167.0,102526.0,91072.0,93680.0,60737.0,53618.0,47900.0,29508.0,38615.0,30711.0,21529.0,15544.0,7877.0,6141.0,3694.0,1489.0,758.0,391.0,22.0,,,,,,,,,,,,,,,,,,,,,,,,,2.663473861447773
Kenya,KE,Mombasa,KE001,598046.0,610257.0,1208303.0,73178.0,65459.0,58280.0,53189.0,75911.0,72801.0,60864.0,42035.0,31720.0,21602.0,13602.0,10201.0,7385.0,4852.0,3319.0,1609.0,1136.0,509.0,225.0,98.0,59.0,12.0,74725.0,64527.0,57144.0,47544.0,63822.0,69827.0,61353.0,47078.0,40098.0,30665.0,19855.0,13871.0,8649.0,5391.0,3076.0,1436.0,722.0,294.0,98.0,54.0,14.0,14.0,147903.0,129986.0,115424.0,100733.0,139733.0,142628.0,122217.0,89113.0,71818.0,52267.0,33457.0,24072.0,16034.0,10243.0,6395.0,3045.0,1858.0,803.0,323.0,152.0,73.0,26.0,,,,,,,,,,,,,,,,,,,,,,,,,2.5404385598047146
Kenya,KE,Uasin Gishu,KE027,582889.0,580269.0,1163158.0,69877.0,69610.0,73534.0,66266.0,66126.0,54055.0,48143.0,32833.0,27058.0,21676.0,14210.0,12432.0,8462.0,6456.0,4474.0,3212.0,2017.0,1258.0,575.0,394.0,218.0,3.0,70346.0,70942.0,73326.0,65665.0,61489.0,52140.0,45310.0,35385.0,29544.0,23685.0,15566.0,12344.0,8519.0,6187.0,4223.0,2505.0,1548.0,824.0,375.0,264.0,73.0,9.0,140223.0,140552.0,146860.0,131931.0,127615.0,106195.0,93453.0,68218.0,56602.0,45361.0,29776.0,24776.0,16981.0,12643.0,8697.0,5717.0,3565.0,2082.0,950.0,658.0,291.0,12.0,,,,,,,,,,,,,,,,,,,,,,,,,2.4455218884214736
Kenya,KE,Narok,KE033,578805.0,579042.0,1157847.0,93485.0,98516.0,88364.0,60040.0,53325.0,43987.0,38085.0,22974.0,20566.0,16646.0,11450.0,9464.0,7415.0,4650.0,4195.0,2150.0,1666.0,864.0,455.0,260.0,244.0,4.0,94411.0,100521.0,91053.0,64783.0,47288.0,38968.0,35217.0,25713.0,21649.0,17961.0,12052.0,8889.0,6958.0,4993.0,3858.0,2065.0,1333.0,680.0,326.0,199.0,118.0,7.0,187896.0,199037.0,179417.0,124823.0,100613.0,82955.0,73302.0,48687.0,42215.0,34607.0,23502.0,18353.0,14373.0,9643.0,8053.0,4215.0,2999.0,1544.0,781.0,459.0,362.0,11.0,,,,,,,,,,,,,,,,,,,,,,,,,2.4343555922266265
Kenya,KE,Kisumu,KE042,594609.0,560942.0,1155551.0,70870.0,73933.0,82705.0,68693.0,61983.0,52430.0,48152.0,29237.0,23924.0,16384.0,14459.0,13958.0,12144.0,9273.0,7035.0,4040.0,2851.0,1594.0,577.0,255.0,97.0,15.0,70200.0,73732.0,81818.0,66211.0,51057.0,44356.0,42146.0,33546.0,27219.0,18030.0,13022.0,11174.0,9552.0,7294.0,5733.0,2611.0,1881.0,896.0,299.0,114.0,39.0,12.0,141070.0,147665.0,164523.0,134904.0,113040.0,96786.0,90298.0,62783.0,51143.0,34414.0,27481.0,25132.0,21696.0,16567.0,12768.0,6651.0,4732.0,2490.0,876.0,369.0,136.0,27.0,,,,,,,,,,,,,,,,,,,,,,,,,2.429528287375681
Kenya,KE,Kitui,KE015,587151.0,549003.0,1136154.0,62618.0,71465.0,85722.0,73603.0,45732.0,36234.0,38444.0,30672.0,27583.0,25769.0,18102.0,15928.0,13472.0,12418.0,11751.0,5970.0,5325.0,2604.0,2372.0,880.0,481.0,6.0,63572.0,73007.0,87724.0,77545.0,42988.0,31275.0,30247.0,26006.0,23761.0,21883.0,15717.0,13776.0,11532.0,10209.0,7705.0,4549.0,3591.0,1876.0,1206.0,558.0,272.0,4.0,126190.0,144472.0,173446.0,151148.0,88720.0,67509.0,68691.0,56678.0,51344.0,47652.0,33819.0,29704.0,25004.0,22627.0,19456.0,10519.0,8916.0,4480.0,3578.0,1438.0,753.0,10.0,,,,,,,,,,,,,,,,,,,,,,,,,2.3887463918208973
Kenya,KE,Homa Bay,KE043,592367.0,539560.0,1131927.0,77663.0,83842.0,90367.0,67917.0,52595.0,42526.0,42841.0,24384.0,22575.0,17715.0,13315.0,14417.0,12654.0,10161.0,8340.0,4583.0,3451.0,1965.0,636.0,298.0,116.0,6.0,78031.0,83119.0,90967.0,68870.0,43397.0,32978.0,31462.0,25557.0,21424.0,14437.0,10261.0,10083.0,9141.0,7191.0,5894.0,2811.0,2105.0,1159.0,413.0,183.0,74.0,3.0,155694.0,166961.0,181334.0,136787.0,95992.0,75504.0,74303.0,49941.0,43999.0,32152.0,23576.0,24500.0,21795.0,17352.0,14234.0,7394.0,5556.0,3124.0,1049.0,481.0,190.0,9.0,,,,,,,,,,,,,,,,,,,,,,,,,2.379859189031287
Kenya,KE,Kajiado,KE034,560704.0,557098.0,1117802.0,77385.0,72350.0,65659.0,51721.0,64676.0,59489.0,50284.0,33284.0,25175.0,18734.0,13269.0,9333.0,6896.0,4280.0,3490.0,1802.0,1340.0,704.0,394.0,245.0,186.0,8.0,78943.0,73245.0,63973.0,49647.0,54143.0,55664.0,49549.0,37290.0,28158.0,22305.0,15555.0,10289.0,7031.0,4441.0,3302.0,1596.0,964.0,534.0,244.0,137.0,75.0,13.0,156328.0,145595.0,129632.0,101368.0,118819.0,115153.0,99833.0,70574.0,53333.0,41039.0,28824.0,19622.0,13927.0,8721.0,6792.0,3398.0,2304.0,1238.0,638.0,382.0,261.0,21.0,,,,,,,,,,,,,,,,,,,,,,,,,2.3501615927683948
Kenya,KE,Migori,KE044,580214.0,536187.0,1116401.0,81289.0,86241.0,90228.0,67834.0,55855.0,43876.0,40183.0,22864.0,20485.0,16694.0,11988.0,11694.0,9620.0,7529.0,5607.0,3443.0,2473.0,1429.0,493.0,256.0,121.0,12.0,80137.0,85481.0,89402.0,66844.0,44983.0,35961.0,32393.0,24516.0,20201.0,15074.0,10121.0,8818.0,7489.0,5428.0,4160.0,2212.0,1564.0,887.0,303.0,141.0,67.0,5.0,161426.0,171722.0,179630.0,134678.0,100838.0,79837.0,72576.0,47380.0,40686.0,31768.0,22109.0,20512.0,17109.0,12957.0,9767.0,5655.0,4037.0,2316.0,796.0,397.0,188.0,17.0,,,,,,,,,,,,,,,,,,,,,,,,,2.347216011716054
Kenya,KE,Murang'a,KE021,532669.0,523940.0,1056609.0,54819.0,56687.0,57807.0,50160.0,37212.0,32975.0,36354.0,34523.0,31021.0,28255.0,23528.0,22035.0,15823.0,14856.0,13123.0,9160.0,6312.0,4001.0,2112.0,1205.0,695.0,6.0,55695.0,57564.0,59951.0,55307.0,38214.0,31823.0,35380.0,34374.0,31951.0,28548.0,22188.0,20187.0,14624.0,13356.0,11534.0,5793.0,3811.0,2163.0,866.0,451.0,152.0,8.0,110514.0,114251.0,117758.0,105467.0,75426.0,64798.0,71734.0,68897.0,62972.0,56803.0,45716.0,42222.0,30447.0,28212.0,24657.0,14953.0,10123.0,6164.0,2978.0,1656.0,847.0,14.0,,,,,,,,,,,,,,,,,,,,,,,,,2.2215042470611257
Kenya,KE,Siaya,KE041,521496.0,471669.0,993165.0,60791.0,69093.0,75099.0,58076.0,43237.0,36496.0,36089.0,23653.0,21014.0,16305.0,15502.0,15211.0,14319.0,12241.0,9897.0,6058.0,4492.0,2641.0,850.0,307.0,115.0,10.0,60867.0,68743.0,76049.0,59306.0,36412.0,28810.0,29232.0,23916.0,20143.0,14254.0,11400.0,10235.0,9450.0,8101.0,6669.0,3383.0,2597.0,1398.0,486.0,161.0,43.0,14.0,121658.0,137836.0,151148.0,117382.0,79649.0,65306.0,65321.0,47569.0,41157.0,30559.0,26902.0,25446.0,23769.0,20342.0,16566.0,9441.0,7089.0,4039.0,1336.0,468.0,158.0,24.0,,,,,,,,,,,,,,,,,,,,,,,,,2.088114208314015
Kenya,KE,Trans Nzoia,KE026,501206.0,489107.0,990313.0,64232.0,71287.0,74192.0,60915.0,44351.0,36224.0,34425.0,23253.0,22284.0,16809.0,13417.0,12207.0,9082.0,6540.0,4778.0,3060.0,1942.0,1318.0,454.0,308.0,125.0,3.0,65326.0,71635.0,75156.0,63629.0,40757.0,31725.0,30115.0,24055.0,21786.0,16867.0,12519.0,10888.0,8807.0,6137.0,4371.0,2347.0,1558.0,886.0,322.0,189.0,31.0,1.0,129558.0,142922.0,149348.0,124544.0,85108.0,67949.0,64540.0,47308.0,44070.0,33676.0,25936.0,23095.0,17889.0,12677.0,9149.0,5407.0,3500.0,2204.0,776.0,497.0,156.0,4.0,,,,,,,,,,,,,,,,,,,,,,,,,2.0821179219747745
Kenya,KE,Makueni,KE017,497942.0,489691.0,987633.0,47692.0,54843.0,67449.0,58927.0,38517.0,33047.0,34578.0,28496.0,25171.0,24309.0,16432.0,15467.0,14219.0,12723.0,9551.0,5691.0,4433.0,2614.0,2378.0,856.0,545.0,4.0,48733.0,56559.0,68944.0,63932.0,41258.0,32837.0,31681.0,28031.0,24757.0,22546.0,16128.0,13776.0,12605.0,10276.0,7478.0,3680.0,2974.0,1551.0,1030.0,603.0,308.0,4.0,96425.0,111402.0,136393.0,122859.0,79775.0,65884.0,66259.0,56527.0,49928.0,46855.0,32560.0,29243.0,26824.0,22999.0,17029.0,9371.0,7407.0,4165.0,3408.0,1459.0,853.0,8.0,,,,,,,,,,,,,,,,,,,,,,,,,2.0764832630024173
Kenya,KE,Turkana,KE023,448868.0,478087.0,926955.0,65278.0,71086.0,67145.0,52400.0,43607.0,36961.0,29351.0,20632.0,16319.0,11777.0,8472.0,6335.0,6355.0,4543.0,4252.0,2013.0,1309.0,614.0,243.0,117.0,57.0,2.0,66151.0,74039.0,75113.0,66923.0,50983.0,38856.0,27944.0,19355.0,16749.0,11855.0,8915.0,5674.0,5453.0,3555.0,3271.0,1574.0,922.0,481.0,161.0,81.0,31.0,1.0,131429.0,145125.0,142258.0,119323.0,94590.0,75817.0,57295.0,39987.0,33068.0,23632.0,17387.0,12009.0,11808.0,8098.0,7523.0,3587.0,2231.0,1095.0,404.0,198.0,88.0,3.0,,,,,,,,,,,,,,,,,,,,,,,,,1.9489086969111051
Kenya,KE,Kericho,KE035,451008.0,450741.0,901749.0,54221.0,58524.0,63327.0,52834.0,44718.0,38165.0,36896.0,20073.0,19070.0,16654.0,10352.0,10711.0,8043.0,5885.0,4401.0,2517.0,2165.0,1305.0,613.0,379.0,152.0,3.0,55337.0,59701.0,63690.0,54356.0,40859.0,35200.0,33214.0,24852.0,21427.0,18017.0,10719.0,10000.0,7694.0,6078.0,4756.0,2043.0,1363.0,834.0,315.0,212.0,64.0,10.0,109558.0,118225.0,127017.0,107190.0,85577.0,73365.0,70110.0,44925.0,40497.0,34671.0,21071.0,20711.0,15737.0,11963.0,9157.0,4560.0,3528.0,2139.0,928.0,591.0,216.0,13.0,,,,,,,,,,,,,,,,,,,,,,,,,1.895913467785267
Kenya,KE,Busia,KE040,467401.0,426252.0,893653.0,56989.0,64448.0,70116.0,58591.0,41185.0,32882.0,31172.0,19912.0,18941.0,14344.0,13675.0,12585.0,10164.0,7565.0,5992.0,3634.0,2574.0,1669.0,592.0,259.0,108.0,4.0,56315.0,62835.0,68818.0,58701.0,35585.0,25695.0,24264.0,19550.0,17277.0,12967.0,10622.0,9737.0,7951.0,5651.0,4437.0,2520.0,1759.0,1045.0,349.0,140.0,29.0,5.0,113304.0,127283.0,138934.0,117292.0,76770.0,58577.0,55436.0,39462.0,36218.0,27311.0,24297.0,22322.0,18115.0,13216.0,10429.0,6154.0,4333.0,2714.0,941.0,399.0,137.0,9.0,,,,,,,,,,,,,,,,,,,,,,,,,1.878891751725488
Kenya,KE,Nandi,KE029,444430.0,441259.0,885689.0,52679.0,57623.0,62390.0,53371.0,41307.0,34366.0,34531.0,21144.0,19734.0,16966.0,11982.0,11081.0,8005.0,6585.0,4690.0,3231.0,1962.0,1375.0,676.0,492.0,238.0,2.0,53291.0,58511.0,63723.0,55370.0,39138.0,30974.0,30576.0,23955.0,21156.0,17645.0,11823.0,10355.0,8043.0,6051.0,4349.0,2758.0,1684.0,990.0,472.0,316.0,79.0,0.0,105970.0,116134.0,126113.0,108741.0,80445.0,65340.0,65107.0,45099.0,40890.0,34611.0,23805.0,21436.0,16048.0,12636.0,9039.0,5989.0,3646.0,2365.0,1148.0,808.0,317.0,2.0,,,,,,,,,,,,,,,,,,,,,,,,,1.8621475636449447
Kenya,KE,Bomet,KE036,441379.0,434287.0,875666.0,54709.0,60050.0,65402.0,53909.0,42957.0,35152.0,34198.0,17259.0,17586.0,16009.0,9360.0,9696.0,7191.0,5578.0,4470.0,2860.0,2208.0,1440.0,772.0,364.0,207.0,2.0,56267.0,62410.0,65946.0,56100.0,38235.0,30834.0,28889.0,21777.0,18625.0,16332.0,9458.0,8555.0,6935.0,5089.0,4035.0,1956.0,1319.0,858.0,348.0,243.0,73.0,3.0,110976.0,122460.0,131348.0,110009.0,81192.0,65986.0,63087.0,39036.0,36211.0,32341.0,18818.0,18251.0,14126.0,10667.0,8505.0,4816.0,3527.0,2298.0,1120.0,607.0,280.0,5.0,,,,,,,,,,,,,,,,,,,,,,,,,1.8410743595852657
Kenya,KE,Mandera,KE009,432444.0,434976.0,867420.0,86562.0,86574.0,70848.0,49429.0,36802.0,28474.0,22745.0,15169.0,12445.0,6502.0,5207.0,3197.0,3183.0,1526.0,1789.0,585.0,863.0,206.0,258.0,41.0,39.0,0.0,74529.0,78585.0,78625.0,58915.0,35881.0,26435.0,22063.0,13753.0,14487.0,8241.0,7287.0,4205.0,4659.0,2266.0,2246.0,989.0,1065.0,386.0,261.0,60.0,35.0,3.0,161091.0,165159.0,149473.0,108344.0,72683.0,54909.0,44808.0,28922.0,26932.0,14743.0,12494.0,7402.0,7842.0,3792.0,4035.0,1574.0,1928.0,592.0,519.0,101.0,74.0,3.0,,,,,,,,,,,,,,,,,,,,,,,,,1.82373727082181
Kenya,KE,Kwale,KE002,441681.0,425121.0,866802.0,64761.0,65043.0,62091.0,47688.0,39092.0,34388.0,30715.0,20499.0,19570.0,13753.0,8758.0,8180.0,9391.0,6572.0,5267.0,2344.0,1904.0,905.0,420.0,174.0,160.0,6.0,65529.0,66699.0,63198.0,49416.0,32703.0,28302.0,24738.0,19315.0,18245.0,14780.0,10743.0,8584.0,7574.0,6281.0,4170.0,2272.0,1356.0,699.0,280.0,132.0,99.0,6.0,130290.0,131742.0,125289.0,97104.0,71795.0,62690.0,55453.0,39814.0,37815.0,28533.0,19501.0,16764.0,16965.0,12853.0,9437.0,4616.0,3260.0,1604.0,700.0,306.0,259.0,12.0,,,,,,,,,,,,,,,,,,,,,,,,,1.8224379352826618
Kenya,KE,Garissa,KE007,382344.0,458975.0,841319.0,54590.0,64189.0,57929.0,47520.0,38902.0,30492.0,25831.0,18630.0,14648.0,8457.0,7112.0,4004.0,3787.0,2017.0,1964.0,675.0,951.0,264.0,256.0,72.0,53.0,1.0,57026.0,71027.0,78734.0,70575.0,46171.0,32776.0,26678.0,18052.0,17725.0,10825.0,10280.0,5339.0,5633.0,2780.0,2635.0,1033.0,1029.0,320.0,214.0,82.0,37.0,4.0,111616.0,135216.0,136663.0,118095.0,85073.0,63268.0,52509.0,36682.0,32373.0,19282.0,17392.0,9343.0,9420.0,4797.0,4599.0,1708.0,1980.0,584.0,470.0,154.0,90.0,5.0,,,,,,,,,,,,,,,,,,,,,,,,,1.7688603178973674
Kenya,KE,Wajir,KE008,365840.0,415374.0,781214.0,61291.0,67049.0,59172.0,41882.0,31970.0,28929.0,23888.0,16577.0,13063.0,6405.0,5132.0,3109.0,2814.0,1386.0,1523.0,529.0,719.0,189.0,156.0,37.0,19.0,1.0,61536.0,70385.0,73206.0,56965.0,33630.0,27184.0,23791.0,16236.0,16832.0,9418.0,9066.0,4826.0,5216.0,2369.0,2287.0,1023.0,846.0,291.0,191.0,55.0,20.0,1.0,122827.0,137434.0,132378.0,98847.0,65600.0,56113.0,47679.0,32813.0,29895.0,15823.0,14198.0,7935.0,8030.0,3755.0,3810.0,1552.0,1565.0,480.0,347.0,92.0,39.0,2.0,,,,,,,,,,,,,,,,,,,,,,,,,1.6424904755341005
Kenya,KE,Nyeri,KE019,384845.0,374288.0,759133.0,36082.0,37313.0,37479.0,35558.0,29391.0,25279.0,28205.0,27229.0,24202.0,21794.0,20024.0,16562.0,11207.0,9507.0,9208.0,6447.0,4254.0,2496.0,1452.0,750.0,401.0,5.0,37016.0,37766.0,39043.0,37969.0,29778.0,24018.0,26380.0,25905.0,23836.0,21774.0,18644.0,15916.0,10311.0,8661.0,7986.0,3991.0,2855.0,1386.0,641.0,317.0,90.0,5.0,73098.0,75079.0,76522.0,73527.0,59169.0,49297.0,54585.0,53134.0,48038.0,43568.0,38668.0,32478.0,21518.0,18168.0,17194.0,10438.0,7109.0,3882.0,2093.0,1067.0,491.0,10.0,,,,,,,,,,,,,,,,,,,,,,,,,1.5960655110681943
Kenya,KE,Baringo,KE030,330428.0,336322.0,666750.0,46523.0,48679.0,49207.0,38624.0,31257.0,24365.0,20461.0,14075.0,12028.0,10827.0,8157.0,6702.0,5618.0,4529.0,3882.0,2022.0,1728.0,899.0,440.0,278.0,126.0,1.0,48508.0,50876.0,52385.0,42324.0,30588.0,22893.0,19379.0,14650.0,12493.0,10663.0,7668.0,6439.0,5613.0,4369.0,3620.0,1679.0,1116.0,598.0,253.0,141.0,66.0,1.0,95031.0,99555.0,101592.0,80948.0,61845.0,47258.0,39840.0,28725.0,24521.0,21490.0,15825.0,13141.0,11231.0,8898.0,7502.0,3701.0,2844.0,1497.0,693.0,419.0,192.0,2.0,,,,,,,,,,,,,,,,,,,,,,,,,1.401831667843077
Kenya,KE,Nyandarua,KE018,323247.0,315022.0,638269.0,34632.0,36940.0,40333.0,36135.0,24244.0,20089.0,22409.0,20476.0,18189.0,16761.0,13932.0,11505.0,7193.0,5951.0,5344.0,4229.0,2249.0,1384.0,684.0,373.0,194.0,1.0,35356.0,37963.0,42540.0,39433.0,24219.0,18837.0,19622.0,18748.0,16905.0,15468.0,12802.0,10751.0,6859.0,5368.0,4334.0,2485.0,1771.0,885.0,407.0,192.0,73.0,4.0,69988.0,74903.0,82873.0,75568.0,48463.0,38926.0,42031.0,39224.0,35094.0,32229.0,26734.0,22256.0,14052.0,11319.0,9678.0,6714.0,4020.0,2269.0,1091.0,565.0,267.0,5.0,,,,,,,,,,,,,,,,,,,,,,,,,1.34195080135363
Kenya,KE,West Pokot,KE024,314213.0,307013.0,621226.0,56831.0,54220.0,47326.0,33090.0,28462.0,21956.0,18395.0,11033.0,9729.0,8370.0,5871.0,4270.0,4500.0,3772.0,3052.0,1410.0,941.0,481.0,255.0,140.0,108.0,1.0,57159.0,54103.0,47848.0,34691.0,25111.0,20153.0,17134.0,11105.0,9719.0,8630.0,5795.0,4118.0,3742.0,2980.0,2456.0,1117.0,616.0,278.0,141.0,77.0,38.0,2.0,113990.0,108323.0,95174.0,67781.0,53573.0,42109.0,35529.0,22138.0,19448.0,17000.0,11666.0,8388.0,8242.0,6752.0,5508.0,2527.0,1557.0,759.0,396.0,217.0,146.0,3.0,,,,,,,,,,,,,,,,,,,,,,,,,1.3061181547618796
Kenya,KE,Kirinyaga,KE020,308369.0,302011.0,610380.0,28655.0,28536.0,30395.0,28432.0,23586.0,21433.0,25634.0,24698.0,21154.0,17714.0,14573.0,12485.0,7956.0,6982.0,6053.0,3239.0,2892.0,1610.0,1223.0,624.0,490.0,5.0,28836.0,28749.0,30601.0,29637.0,23042.0,20721.0,24114.0,24522.0,21621.0,18253.0,14939.0,12496.0,7918.0,6445.0,4631.0,2225.0,1547.0,916.0,459.0,220.0,115.0,4.0,57491.0,57285.0,60996.0,58069.0,46628.0,42154.0,49748.0,49220.0,42775.0,35967.0,29512.0,24981.0,15874.0,13427.0,10684.0,5464.0,4439.0,2526.0,1682.0,844.0,605.0,9.0,,,,,,,,,,,,,,,,,,,,,,,,,1.2833146058013607
Kenya,KE,Embu,KE014,304367.0,304208.0,608575.0,30389.0,30246.0,33553.0,30933.0,26230.0,21978.0,23511.0,20592.0,17609.0,15036.0,12655.0,11553.0,7785.0,6885.0,5652.0,3133.0,2814.0,1664.0,1191.0,598.0,357.0,3.0,31158.0,30623.0,34415.0,32531.0,26611.0,23182.0,23223.0,21514.0,18717.0,15450.0,12077.0,10836.0,7389.0,6470.0,4141.0,2220.0,1775.0,1019.0,463.0,270.0,120.0,4.0,61547.0,60869.0,67968.0,63464.0,52841.0,45160.0,46734.0,42106.0,36326.0,30486.0,24732.0,22389.0,15174.0,13355.0,9793.0,5353.0,4589.0,2683.0,1654.0,868.0,477.0,7.0,,,,,,,,,,,,,,,,,,,,,,,,,1.279519620933784
Kenya,KE,Nyamira,KE046,314656.0,290907.0,605563.0,32257.0,39153.0,46267.0,34967.0,24374.0,24136.0,27048.0,15575.0,14819.0,13127.0,7859.0,10267.0,8198.0,5767.0,4626.0,2339.0,1903.0,1117.0,484.0,243.0,127.0,3.0,32197.0,39604.0,47226.0,35426.0,19932.0,17562.0,18498.0,15200.0,14084.0,11526.0,8228.0,9861.0,7813.0,5102.0,4028.0,1925.0,1385.0,781.0,303.0,170.0,55.0,1.0,64454.0,78757.0,93493.0,70393.0,44306.0,41698.0,45546.0,30775.0,28903.0,24653.0,16087.0,20128.0,16011.0,10869.0,8654.0,4264.0,3288.0,1898.0,787.0,413.0,182.0,4.0,,,,,,,,,,,,,,,,,,,,,,,,,1.2731869370439555
Kenya,KE,Vihiga,KE038,306323.0,283678.0,590001.0,32583.0,39257.0,43978.0,36461.0,22193.0,17859.0,18485.0,14471.0,13716.0,11408.0,10723.0,10600.0,9798.0,8137.0,6180.0,4297.0,3177.0,1909.0,642.0,347.0,98.0,3.0,32055.0,38867.0,43681.0,37459.0,20885.0,14657.0,14932.0,13306.0,12376.0,10608.0,8841.0,8302.0,8195.0,6959.0,5582.0,3027.0,2102.0,1158.0,464.0,169.0,47.0,6.0,64638.0,78124.0,87659.0,73920.0,43078.0,32516.0,33417.0,27777.0,26092.0,22016.0,19564.0,18902.0,17993.0,15096.0,11762.0,7324.0,5279.0,3067.0,1106.0,516.0,145.0,9.0,,,,,,,,,,,,,,,,,,,,,,,,,1.2404680702798399
Kenya,KE,Laikipia,KE031,259102.0,259440.0,518542.0,32385.0,31814.0,31925.0,27195.0,22501.0,19068.0,19335.0,14944.0,13084.0,10920.0,9081.0,7714.0,5466.0,4505.0,3756.0,2378.0,1422.0,795.0,421.0,237.0,154.0,2.0,33156.0,32430.0,33372.0,29265.0,21069.0,18205.0,17892.0,15676.0,13668.0,11319.0,9179.0,7538.0,5101.0,4059.0,3481.0,1864.0,1161.0,586.0,246.0,113.0,57.0,3.0,65541.0,64244.0,65297.0,56460.0,43570.0,37273.0,37227.0,30620.0,26752.0,22239.0,18260.0,15252.0,10567.0,8564.0,7237.0,4242.0,2583.0,1381.0,667.0,350.0,211.0,5.0,,,,,,,,,,,,,,,,,,,,,,,,,1.0902266167329355
Kenya,KE,Marsabit,KE010,216219.0,243548.0,459767.0,33964.0,36981.0,33482.0,24841.0,20209.0,16139.0,13113.0,7957.0,6797.0,5209.0,4490.0,3327.0,3078.0,1920.0,2194.0,808.0,950.0,320.0,268.0,80.0,90.0,2.0,35196.0,38235.0,37949.0,32358.0,22745.0,18572.0,14743.0,9472.0,8718.0,5966.0,5241.0,3566.0,3526.0,2093.0,2422.0,935.0,970.0,365.0,314.0,84.0,74.0,4.0,69160.0,75216.0,71431.0,57199.0,42954.0,34711.0,27856.0,17429.0,15515.0,11175.0,9731.0,6893.0,6604.0,4013.0,4616.0,1743.0,1920.0,685.0,582.0,164.0,164.0,6.0,,,,,,,,,,,,,,,,,,,,,,,,,0.9666530790089358
Kenya,KE,Elgeyo-Marakwet,KE028,227151.0,227317.0,454468.0,30346.0,31929.0,32635.0,27112.0,21459.0,16699.0,15030.0,9851.0,8865.0,8070.0,5279.0,5291.0,4085.0,3302.0,2847.0,1729.0,1290.0,682.0,337.0,202.0,110.0,1.0,30586.0,32772.0,32906.0,28140.0,21407.0,16283.0,13918.0,10791.0,9336.0,8304.0,5084.0,5075.0,3997.0,3329.0,2415.0,1322.0,797.0,481.0,198.0,133.0,43.0,0.0,60932.0,64701.0,65541.0,55252.0,42866.0,32982.0,28948.0,20642.0,18201.0,16374.0,10363.0,10366.0,8082.0,6631.0,5262.0,3051.0,2087.0,1163.0,535.0,335.0,153.0,1.0,,,,,,,,,,,,,,,,,,,,,,,,,0.9555120126303823
Kenya,KE,Tharaka-Nithi,KE013,199406.0,193764.0,393170.0,20215.0,21488.0,23884.0,21153.0,16256.0,13789.0,14618.0,12283.0,10499.0,10095.0,6737.0,7050.0,5576.0,4848.0,4295.0,2303.0,1874.0,1208.0,570.0,417.0,243.0,5.0,20169.0,21714.0,24240.0,21548.0,15386.0,13060.0,13294.0,12140.0,10749.0,9895.0,7012.0,6864.0,5531.0,4345.0,3365.0,1780.0,1271.0,777.0,311.0,221.0,87.0,5.0,40384.0,43202.0,48124.0,42701.0,31642.0,26849.0,27912.0,24423.0,21248.0,19990.0,13749.0,13914.0,11107.0,9193.0,7660.0,4083.0,3145.0,1985.0,881.0,638.0,330.0,10.0,,,,,,,,,,,,,,,,,,,,,,,,,0.8266339060305401
Kenya,KE,Taita Taveta,KE006,167327.0,173337.0,340664.0,19300.0,18621.0,19671.0,16947.0,14456.0,12810.0,11960.0,10161.0,8614.0,7729.0,5862.0,5715.0,4584.0,3635.0,2867.0,1635.0,1309.0,837.0,337.0,190.0,86.0,1.0,19389.0,18742.0,20159.0,17879.0,14759.0,13347.0,12923.0,11654.0,10127.0,8726.0,6772.0,5532.0,4493.0,3592.0,2353.0,1325.0,860.0,421.0,162.0,79.0,41.0,2.0,38689.0,37363.0,39830.0,34826.0,29215.0,26157.0,24883.0,21815.0,18741.0,16455.0,12634.0,11247.0,9077.0,7227.0,5220.0,2960.0,2169.0,1258.0,499.0,269.0,127.0,3.0,,,,,,,,,,,,,,,,,,,,,,,,,0.7162408448355365
Kenya,KE,Tana River,KE004,157391.0,158550.0,315941.0,26006.0,25878.0,22971.0,16060.0,14218.0,11740.0,9491.0,6624.0,5387.0,4795.0,3450.0,2927.0,2759.0,1865.0,1542.0,654.0,522.0,229.0,155.0,67.0,50.0,1.0,27172.0,27091.0,23719.0,16872.0,12958.0,10420.0,8428.0,6876.0,5773.0,4907.0,3643.0,3123.0,2843.0,1751.0,1362.0,708.0,481.0,255.0,89.0,37.0,37.0,5.0,53178.0,52969.0,46690.0,32932.0,27176.0,22160.0,17919.0,13500.0,11160.0,9702.0,7093.0,6050.0,5602.0,3616.0,2904.0,1362.0,1003.0,484.0,244.0,104.0,87.0,6.0,,,,,,,,,,,,,,,,,,,,,,,,,0.6642611158155374
Kenya,KE,Samburu,KE025,153546.0,156774.0,310320.0,25220.0,26167.0,23280.0,16313.0,14940.0,11505.0,9313.0,5466.0,4710.0,4214.0,2830.0,2108.0,2425.0,1547.0,1560.0,748.0,662.0,303.0,134.0,75.0,25.0,1.0,25461.0,26796.0,25063.0,19865.0,14308.0,10989.0,8384.0,5302.0,5322.0,4110.0,2667.0,2089.0,2194.0,1246.0,1350.0,688.0,507.0,229.0,110.0,64.0,29.0,1.0,50681.0,52963.0,48343.0,36178.0,29248.0,22494.0,17697.0,10768.0,10032.0,8324.0,5497.0,4197.0,4619.0,2793.0,2910.0,1436.0,1169.0,532.0,244.0,139.0,54.0,2.0,,,,,,,,,,,,,,,,,,,,,,,,,0.6524430493664246
Kenya,KE,Isiolo,KE011,128483.0,139510.0,267993.0,20172.0,20076.0,18425.0,14146.0,12281.0,10040.0,9044.0,5884.0,4327.0,3276.0,2455.0,2395.0,1960.0,1212.0,1185.0,523.0,555.0,245.0,165.0,75.0,42.0,0.0,20445.0,21069.0,20489.0,17008.0,12442.0,10436.0,9506.0,6803.0,5454.0,3847.0,3023.0,2435.0,2441.0,1399.0,1237.0,589.0,457.0,225.0,129.0,47.0,28.0,1.0,40617.0,41145.0,38914.0,31154.0,24723.0,20476.0,18550.0,12687.0,9781.0,7123.0,5478.0,4830.0,4401.0,2611.0,2422.0,1112.0,1012.0,470.0,294.0,122.0,70.0,1.0,,,,,,,,,,,,,,,,,,,,,,,,,0.5634511798429243
Kenya,KE,Lamu,KE005,67813.0,76103.0,143916.0,9134.0,9241.0,8981.0,7229.0,6036.0,5083.0,4882.0,3560.0,3190.0,2597.0,1847.0,1796.0,1451.0,1043.0,846.0,365.0,268.0,117.0,76.0,35.0,35.0,1.0,9604.0,9505.0,9492.0,7923.0,7134.0,6553.0,5674.0,4301.0,3896.0,3273.0,2326.0,1972.0,1527.0,1154.0,892.0,435.0,249.0,109.0,49.0,18.0,14.0,3.0,18738.0,18746.0,18473.0,15152.0,13170.0,11636.0,10556.0,7861.0,7086.0,5870.0,4173.0,3768.0,2978.0,2197.0,1738.0,800.0,517.0,226.0,125.0,53.0,49.0,4.0,,,,,,,,,,,,,,,,,,,,,,,,,0.3025811868156044
,,,,,,,,,,,,,,,,,,,,,,,,,,,,,,,,,,,,,,,,,,,,,,,,,,,,,,,,,,,,,,,,,,,,,,,,,,,,,,,,,,,,,,,,,,,,,,,,,
,,,,,,,,,,,,,,,,,,,,,,,,,,,,,,,,,,,,,,,,,,,,,,,,,,,,,,,,,,,,,,,,,,,,,,,,,,,,,,,,,,,,,,,,,,,,,,,,,
,,,,,,,,,,,,,,,,,,,,,,,,,,,,,,,,,,,,,,,,,,,,,,,,,,,,,,,,,,,,,,,,,,,,,,,,,,,,,,,,,,,,,,,,,,,,,,,,,
,,,,,,,,,,,,,,,,,,,,,,,,,,,,,,,,,,,,,,,,,,,,,,,,,,,,,,,,,,,,,,,,,,,,,,,,,,,,,,,,,,,,,,,,,,,,,,,,,
,,,,,,,,,,,,,,,,,,,,,,,,,,,,,,,,,,,,,,,,,,,,,,,,,,,,,,,,,,,,,,,,,,,,,,,,,,,,,,,,,,,,,,,,,,,,,,,,,
,,,,,,,,,,,,,,,,,,,,,,,,,,,,,,,,,,,,,,,,,,,,,,,,,,,,,,,,,,,,,,,,,,,,,,,,,,,,,,,,,,,,,,,,,,,,,,,,,
,,,,,,,,,,,,,,,,,,,,,,,,,,,,,,,,,,,,,,,,,,,,,,,,,,,,,,,,,,,,,,,,,,,,,,,,,,,,,,,,,,,,,,,,,,,,,,,,,
,,,,,,,,,,,,,,,,,,,,,,,,,,,,,,,,,,,,,,,,,,,,,,,,,,,,,,,,,,,,,,,,,,,,,,,,,,,,,,,,,,,,,,,,,,,,,,,,,
,,,,,,,,,,,,,,,,,,,,,,,,,,,,,,,,,,,,,,,,,,,,,,,,,,,,,,,,,,,,,,,,,,,,,,,,,,,,,,,,,,,,,,,,,,,,,,,,,
,,,,,,,,,,,,,,,,,,,,,,,,,,,,,,,,,,,,,,,,,,,,,,,,,,,,,,,,,,,,,,,,,,,,,,,,,,,,,,,,,,,,,,,,,,,,,,,,,
,,,,,,,,,,,,,,,,,,,,,,,,,,,,,,,,,,,,,,,,,,,,,,,,,,,,,,,,,,,,,,,,,,,,,,,,,,,,,,,,,,,,,,,,,,,,,,,,,
,,,,,,,,,,,,,,,,,,,,,,,,,,,,,,,,,,,,,,,,,,,,,,,,,,,,,,,,,,,,,,,,,,,,,,,,,,,,,,,,,,,,,,,,,,,,,,,,,
,,,,,,,,,,,,,,,,,,,,,,,,,,,,,,,,,,,,,,,,,,,,,,,,,,,,,,,,,,,,,,,,,,,,,,,,,,,,,,,,,,,,,,,,,,,,,,,,,
,,,,,,,,,,,,,,,,,,,,,,,,,,,,,,,,,,,,,,,,,,,,,,,,,,,,,,,,,,,,,,,,,,,,,,,,,,,,,,,,,,,,,,,,,,,,,,,,,
,,,,,,,,,,,,,,,,,,,,,,,,,,,,,,,,,,,,,,,,,,,,,,,,,,,,,,,,,,,,,,,,,,,,,,,,,,,,,,,,,,,,,,,,,,,,,,,,,
,,,,,,,,,,,,,,,,,,,,,,,,,,,,,,,,,,,,,,,,,,,,,,,,,,,,,,,,,,,,,,,,,,,,,,,,,,,,,,,,,,,,,,,,,,,,,,,,,
,,,,,,,,,,,,,,,,,,,,,,,,,,,,,,,,,,,,,,,,,,,,,,,,,,,,,,,,,,,,,,,,,,,,,,,,,,,,,,,,,,,,,,,,,,,,,,,,,
,,,,,,,,,,,,,,,,,,,,,,,,,,,,,,,,,,,,,,,,,,,,,,,,,,,,,,,,,,,,,,,,,,,,,,,,,,,,,,,,,,,,,,,,,,,,,,,,,
,,,,,,,,,,,,,,,,,,,,,,,,,,,,,,,,,,,,,,,,,,,,,,,,,,,,,,,,,,,,,,,,,,,,,,,,,,,,,,,,,,,,,,,,,,,,,,,,,
,,,,,,,,,,,,,,,,,,,,,,,,,,,,,,,,,,,,,,,,,,,,,,,,,,,,,,,,,,,,,,,,,,,,,,,,,,,,,,,,,,,,,,,,,,,,,,,,,
,,,,,,,,,,,,,,,,,,,,,,,,,,,,,,,,,,,,,,,,,,,,,,,,,,,,,,,,,,,,,,,,,,,,,,,,,,,,,,,,,,,,,,,,,,,,,,,,,
,,,,,,,,,,,,,,,,,,,,,,,,,,,,,,,,,,,,,,,,,,,,,,,,,,,,,,,,,,,,,,,,,,,,,,,,,,,,,,,,,,,,,,,,,,,,,,,,,
,,,,,,,,,,,,,,,,,,,,,,,,,,,,,,,,,,,,,,,,,,,,,,,,,,,,,,,,,,,,,,,,,,,,,,,,,,,,,,,,,,,,,,,,,,,,,,,,,
,,,,,,,,,,,,,,,,,,,,,,,,,,,,,,,,,,,,,,,,,,,,,,,,,,,,,,,,,,,,,,,,,,,,,,,,,,,,,,,,,,,,,,,,,,,,,,,,,
,,,,,,,,,,,,,,,,,,,,,,,,,,,,,,,,,,,,,,,,,,,,,,,,,,,,,,,,,,,,,,,,,,,,,,,,,,,,,,,,,,,,,,,,,,,,,,,,,
,,,,,,,,,,,,,,,,,,,,,,,,,,,,,,,,,,,,,,,,,,,,,,,,,,,,,,,,,,,,,,,,,,,,,,,,,,,,,,,,,,,,,,,,,,,,,,,,,
,,,,,,,,,,,,,,,,,,,,,,,,,,,,,,,,,,,,,,,,,,,,,,,,,,,,,,,,,,,,,,,,,,,,,,,,,,,,,,,,,,,,,,,,,,,,,,,,,
,,,,,,,,,,,,,,,,,,,,,,,,,,,,,,,,,,,,,,,,,,,,,,,,,,,,,,,,,,,,,,,,,,,,,,,,,,,,,,,,,,,,,,,,,,,,,,,,,
,,,,,,,,,,,,,,,,,,,,,,,,,,,,,,,,,,,,,,,,,,,,,,,,,,,,,,,,,,,,,,,,,,,,,,,,,,,,,,,,,,,,,,,,,,,,,,,,,
,,,,,,,,,,,,,,,,,,,,,,,,,,,,,,,,,,,,,,,,,,,,,,,,,,,,,,,,,,,,,,,,,,,,,,,,,,,,,,,,,,,,,,,,,,,,,,,,,
,,,,,,,,,,,,,,,,,,,,,,,,,,,,,,,,,,,,,,,,,,,,,,,,,,,,,,,,,,,,,,,,,,,,,,,,,,,,,,,,,,,,,,,,,,,,,,,,,
,,,,,,,,,,,,,,,,,,,,,,,,,,,,,,,,,,,,,,,,,,,,,,,,,,,,,,,,,,,,,,,,,,,,,,,,,,,,,,,,,,,,,,,,,,,,,,,,,
,,,,,,,,,,,,,,,,,,,,,,,,,,,,,,,,,,,,,,,,,,,,,,,,,,,,,,,,,,,,,,,,,,,,,,,,,,,,,,,,,,,,,,,,,,,,,,,,,
,,,,,,,,,,,,,,,,,,,,,,,,,,,,,,,,,,,,,,,,,,,,,,,,,,,,,,,,,,,,,,,,,,,,,,,,,,,,,,,,,,,,,,,,,,,,,,,,,
,,,,,,,,,,,,,,,,,,,,,,,,,,,,,,,,,,,,,,,,,,,,,,,,,,,,,,,,,,,,,,,,,,,,,,,,,,,,,,,,,,,,,,,,,,,,,,,,,
,,,,,,,,,,,,,,,,,,,,,,,,,,,,,,,,,,,,,,,,,,,,,,,,,,,,,,,,,,,,,,,,,,,,,,,,,,,,,,,,,,,,,,,,,,,,,,,,,
,,,,,,,,,,,,,,,,,,,,,,,,,,,,,,,,,,,,,,,,,,,,,,,,,,,,,,,,,,,,,,,,,,,,,,,,,,,,,,,,,,,,,,,,,,,,,,,,,
,,,,,,,,,,,,,,,,,,,,,,,,,,,,,,,,,,,,,,,,,,,,,,,,,,,,,,,,,,,,,,,,,,,,,,,,,,,,,,,,,,,,,,,,,,,,,,,,,
,,,,,,,,,,,,,,,,,,,,,,,,,,,,,,,,,,,,,,,,,,,,,,,,,,,,,,,,,,,,,,,,,,,,,,,,,,,,,,,,,,,,,,,,,,,,,,,,,
,,,,,,,,,,,,,,,,,,,,,,,,,,,,,,,,,,,,,,,,,,,,,,,,,,,,,,,,,,,,,,,,,,,,,,,,,,,,,,,,,,,,,,,,,,,,,,,,,
,,,,,,,,,,,,,,,,,,,,,,,,,,,,,,,,,,,,,,,,,,,,,,,,,,,,,,,,,,,,,,,,,,,,,,,,,,,,,,,,,,,,,,,,,,,,,,,,,
,,,,,,,,,,,,,,,,,,,,,,,,,,,,,,,,,,,,,,,,,,,,,,,,,,,,,,,,,,,,,,,,,,,,,,,,,,,,,,,,,,,,,,,,,,,,,,,,,
,,,,,,,,,,,,,,,,,,,,,,,,,,,,,,,,,,,,,,,,,,,,,,,,,,,,,,,,,,,,,,,,,,,,,,,,,,,,,,,,,,,,,,,,,,,,,,,,,
,,,,,,,,,,,,,,,,,,,,,,,,,,,,,,,,,,,,,,,,,,,,,,,,,,,,,,,,,,,,,,,,,,,,,,,,,,,,,,,,,,,,,,,,,,,,,,,,,
,,,,,,,,,,,,,,,,,,,,,,,,,,,,,,,,,,,,,,,,,,,,,,,,,,,,,,,,,,,,,,,,,,,,,,,,,,,,,,,,,,,,,,,,,,,,,,,,,
,,,,,,,,,,,,,,,,,,,,,,,,,,,,,,,,,,,,,,,,,,,,,,,,,,,,,,,,,,,,,,,,,,,,,,,,,,,,,,,,,,,,,,,,,,,,,,,,,
,,,,,,,,,,,,,,,,,,,,,,,,,,,,,,,,,,,,,,,,,,,,,,,,,,,,,,,,,,,,,,,,,,,,,,,,,,,,,,,,,,,,,,,,,,,,,,,,,
,,,,,,,,,,,,,,,,,,,,,,,,,,,,,,,,,,,,,,,,,,,,,,,,,,,,,,,,,,,,,,,,,,,,,,,,,,,,,,,,,,,,,,,,,,,,,,,,,
,,,,,,,,,,,,,,,,,,,,,,,,,,,,,,,,,,,,,,,,,,,,,,,,,,,,,,,,,,,,,,,,,,,,,,,,,,,,,,,,,,,,,,,,,,,,,,,,,
,,,,,,,,,,,,,,,,,,,,,,,,,,,,,,,,,,,,,,,,,,,,,,,,,,,,,,,,,,,,,,,,,,,,,,,,,,,,,,,,,,,,,,,,,,,,,,,,,
,,,,,,,,,,,,,,,,,,,,,,,,,,,,,,,,,,,,,,,,,,,,,,,,,,,,,,,,,,,,,,,,,,,,,,,,,,,,,,,,,,,,,,,,,,,,,,,,,
,,,,,,,,,,,,,,,,,,,,,,,,,,,,,,,,,,,,,,,,,,,,,,,,,,,,,,,,,,,,,,,,,,,,,,,,,,,,,,,,,,,,,,,,,,,,,,,,,
,,,,,,,,,,,,,,,,,,,,,,,,,,,,,,,,,,,,,,,,,,,,,,,,,,,,,,,,,,,,,,,,,,,,,,,,,,,,,,,,,,,,,,,,,,,,,,,,,
,,,,,,,,,,,,,,,,,,,,,,,,,,,,,,,,,,,,,,,,,,,,,,,,,,,,,,,,,,,,,,,,,,,,,,,,,,,,,,,,,,,,,,,,,,,,,,,,,
,,,,,,,,,,,,,,,,,,,,,,,,,,,,,,,,,,,,,,,,,,,,,,,,,,,,,,,,,,,,,,,,,,,,,,,,,,,,,,,,,,,,,,,,,,,,,,,,,
,,,,,,,,,,,,,,,,,,,,,,,,,,,,,,,,,,,,,,,,,,,,,,,,,,,,,,,,,,,,,,,,,,,,,,,,,,,,,,,,,,,,,,,,,,,,,,,,,
,,,,,,,,,,,,,,,,,,,,,,,,,,,,,,,,,,,,,,,,,,,,,,,,,,,,,,,,,,,,,,,,,,,,,,,,,,,,,,,,,,,,,,,,,,,,,,,,,
,,,,,,,,,,,,,,,,,,,,,,,,,,,,,,,,,,,,,,,,,,,,,,,,,,,,,,,,,,,,,,,,,,,,,,,,,,,,,,,,,,,,,,,,,,,,,,,,,
,,,,,,,,,,,,,,,,,,,,,,,,,,,,,,,,,,,,,,,,,,,,,,,,,,,,,,,,,,,,,,,,,,,,,,,,,,,,,,,,,,,,,,,,,,,,,,,,,
,,,,,,,,,,,,,,,,,,,,,,,,,,,,,,,,,,,,,,,,,,,,,,,,,,,,,,,,,,,,,,,,,,,,,,,,,,,,,,,,,,,,,,,,,,,,,,,,,
,,,,,,,,,,,,,,,,,,,,,,,,,,,,,,,,,,,,,,,,,,,,,,,,,,,,,,,,,,,,,,,,,,,,,,,,,,,,,,,,,,,,,,,,,,,,,,,,,
,,,,,,,,,,,,,,,,,,,,,,,,,,,,,,,,,,,,,,,,,,,,,,,,,,,,,,,,,,,,,,,,,,,,,,,,,,,,,,,,,,,,,,,,,,,,,,,,,
,,,,,,,,,,,,,,,,,,,,,,,,,,,,,,,,,,,,,,,,,,,,,,,,,,,,,,,,,,,,,,,,,,,,,,,,,,,,,,,,,,,,,,,,,,,,,,,,,
,,,,,,,,,,,,,,,,,,,,,,,,,,,,,,,,,,,,,,,,,,,,,,,,,,,,,,,,,,,,,,,,,,,,,,,,,,,,,,,,,,,,,,,,,,,,,,,,,
,,,,,,,,,,,,,,,,,,,,,,,,,,,,,,,,,,,,,,,,,,,,,,,,,,,,,,,,,,,,,,,,,,,,,,,,,,,,,,,,,,,,,,,,,,,,,,,,,
,,,,,,,,,,,,,,,,,,,,,,,,,,,,,,,,,,,,,,,,,,,,,,,,,,,,,,,,,,,,,,,,,,,,,,,,,,,,,,,,,,,,,,,,,,,,,,,,,
,,,,,,,,,,,,,,,,,,,,,,,,,,,,,,,,,,,,,,,,,,,,,,,,,,,,,,,,,,,,,,,,,,,,,,,,,,,,,,,,,,,,,,,,,,,,,,,,,
,,,,,,,,,,,,,,,,,,,,,,,,,,,,,,,,,,,,,,,,,,,,,,,,,,,,,,,,,,,,,,,,,,,,,,,,,,,,,,,,,,,,,,,,,,,,,,,,,
,,,,,,,,,,,,,,,,,,,,,,,,,,,,,,,,,,,,,,,,,,,,,,,,,,,,,,,,,,,,,,,,,,,,,,,,,,,,,,,,,,,,,,,,,,,,,,,,,
,,,,,,,,,,,,,,,,,,,,,,,,,,,,,,,,,,,,,,,,,,,,,,,,,,,,,,,,,,,,,,,,,,,,,,,,,,,,,,,,,,,,,,,,,,,,,,,,,
,,,,,,,,,,,,,,,,,,,,,,,,,,,,,,,,,,,,,,,,,,,,,,,,,,,,,,,,,,,,,,,,,,,,,,,,,,,,,,,,,,,,,,,,,,,,,,,,,
,,,,,,,,,,,,,,,,,,,,,,,,,,,,,,,,,,,,,,,,,,,,,,,,,,,,,,,,,,,,,,,,,,,,,,,,,,,,,,,,,,,,,,,,,,,,,,,,,
,,,,,,,,,,,,,,,,,,,,,,,,,,,,,,,,,,,,,,,,,,,,,,,,,,,,,,,,,,,,,,,,,,,,,,,,,,,,,,,,,,,,,,,,,,,,,,,,,
,,,,,,,,,,,,,,,,,,,,,,,,,,,,,,,,,,,,,,,,,,,,,,,,,,,,,,,,,,,,,,,,,,,,,,,,,,,,,,,,,,,,,,,,,,,,,,,,,
,,,,,,,,,,,,,,,,,,,,,,,,,,,,,,,,,,,,,,,,,,,,,,,,,,,,,,,,,,,,,,,,,,,,,,,,,,,,,,,,,,,,,,,,,,,,,,,,,
,,,,,,,,,,,,,,,,,,,,,,,,,,,,,,,,,,,,,,,,,,,,,,,,,,,,,,,,,,,,,,,,,,,,,,,,,,,,,,,,,,,,,,,,,,,,,,,,,
,,,,,,,,,,,,,,,,,,,,,,,,,,,,,,,,,,,,,,,,,,,,,,,,,,,,,,,,,,,,,,,,,,,,,,,,,,,,,,,,,,,,,,,,,,,,,,,,,
,,,,,,,,,,,,,,,,,,,,,,,,,,,,,,,,,,,,,,,,,,,,,,,,,,,,,,,,,,,,,,,,,,,,,,,,,,,,,,,,,,,,,,,,,,,,,,,,,
,,,,,,,,,,,,,,,,,,,,,,,,,,,,,,,,,,,,,,,,,,,,,,,,,,,,,,,,,,,,,,,,,,,,,,,,,,,,,,,,,,,,,,,,,,,,,,,,,
,,,,,,,,,,,,,,,,,,,,,,,,,,,,,,,,,,,,,,,,,,,,,,,,,,,,,,,,,,,,,,,,,,,,,,,,,,,,,,,,,,,,,,,,,,,,,,,,,
,,,,,,,,,,,,,,,,,,,,,,,,,,,,,,,,,,,,,,,,,,,,,,,,,,,,,,,,,,,,,,,,,,,,,,,,,,,,,,,,,,,,,,,,,,,,,,,,,
,,,,,,,,,,,,,,,,,,,,,,,,,,,,,,,,,,,,,,,,,,,,,,,,,,,,,,,,,,,,,,,,,,,,,,,,,,,,,,,,,,,,,,,,,,,,,,,,,
,,,,,,,,,,,,,,,,,,,,,,,,,,,,,,,,,,,,,,,,,,,,,,,,,,,,,,,,,,,,,,,,,,,,,,,,,,,,,,,,,,,,,,,,,,,,,,,,,
,,,,,,,,,,,,,,,,,,,,,,,,,,,,,,,,,,,,,,,,,,,,,,,,,,,,,,,,,,,,,,,,,,,,,,,,,,,,,,,,,,,,,,,,,,,,,,,,,
,,,,,,,,,,,,,,,,,,,,,,,,,,,,,,,,,,,,,,,,,,,,,,,,,,,,,,,,,,,,,,,,,,,,,,,,,,,,,,,,,,,,,,,,,,,,,,,,,
,,,,,,,,,,,,,,,,,,,,,,,,,,,,,,,,,,,,,,,,,,,,,,,,,,,,,,,,,,,,,,,,,,,,,,,,,,,,,,,,,,,,,,,,,,,,,,,,,
,,,,,,,,,,,,,,,,,,,,,,,,,,,,,,,,,,,,,,,,,,,,,,,,,,,,,,,,,,,,,,,,,,,,,,,,,,,,,,,,,,,,,,,,,,,,,,,,,
,,,,,,,,,,,,,,,,,,,,,,,,,,,,,,,,,,,,,,,,,,,,,,,,,,,,,,,,,,,,,,,,,,,,,,,,,,,,,,,,,,,,,,,,,,,,,,,,,
,,,,,,,,,,,,,,,,,,,,,,,,,,,,,,,,,,,,,,,,,,,,,,,,,,,,,,,,,,,,,,,,,,,,,,,,,,,,,,,,,,,,,,,,,,,,,,,,,
,,,,,,,,,,,,,,,,,,,,,,,,,,,,,,,,,,,,,,,,,,,,,,,,,,,,,,,,,,,,,,,,,,,,,,,,,,,,,,,,,,,,,,,,,,,,,,,,,
,,,,,,,,,,,,,,,,,,,,,,,,,,,,,,,,,,,,,,,,,,,,,,,,,,,,,,,,,,,,,,,,,,,,,,,,,,,,,,,,,,,,,,,,,,,,,,,,,
,,,,,,,,,,,,,,,,,,,,,,,,,,,,,,,,,,,,,,,,,,,,,,,,,,,,,,,,,,,,,,,,,,,,,,,,,,,,,,,,,,,,,,,,,,,,,,,,,
,,,,,,,,,,,,,,,,,,,,,,,,,,,,,,,,,,,,,,,,,,,,,,,,,,,,,,,,,,,,,,,,,,,,,,,,,,,,,,,,,,,,,,,,,,,,,,,,,
,,,,,,,,,,,,,,,,,,,,,,,,,,,,,,,,,,,,,,,,,,,,,,,,,,,,,,,,,,,,,,,,,,,,,,,,,,,,,,,,,,,,,,,,,,,,,,,,,
,,,,,,,,,,,,,,,,,,,,,,,,,,,,,,,,,,,,,,,,,,,,,,,,,,,,,,,,,,,,,,,,,,,,,,,,,,,,,,,,,,,,,,,,,,,,,,,,,
,,,,,,,,,,,,,,,,,,,,,,,,,,,,,,,,,,,,,,,,,,,,,,,,,,,,,,,,,,,,,,,,,,,,,,,,,,,,,,,,,,,,,,,,,,,,,,,,,
,,,,,,,,,,,,,,,,,,,,,,,,,,,,,,,,,,,,,,,,,,,,,,,,,,,,,,,,,,,,,,,,,,,,,,,,,,,,,,,,,,,,,,,,,,,,,,,,,
,,,,,,,,,,,,,,,,,,,,,,,,,,,,,,,,,,,,,,,,,,,,,,,,,,,,,,,,,,,,,,,,,,,,,,,,,,,,,,,,,,,,,,,,,,,,,,,,,
,,,,,,,,,,,,,,,,,,,,,,,,,,,,,,,,,,,,,,,,,,,,,,,,,,,,,,,,,,,,,,,,,,,,,,,,,,,,,,,,,,,,,,,,,,,,,,,,,
,,,,,,,,,,,,,,,,,,,,,,,,,,,,,,,,,,,,,,,,,,,,,,,,,,,,,,,,,,,,,,,,,,,,,,,,,,,,,,,,,,,,,,,,,,,,,,,,,
,,,,,,,,,,,,,,,,,,,,,,,,,,,,,,,,,,,,,,,,,,,,,,,,,,,,,,,,,,,,,,,,,,,,,,,,,,,,,,,,,,,,,,,,,,,,,,,,,
,,,,,,,,,,,,,,,,,,,,,,,,,,,,,,,,,,,,,,,,,,,,,,,,,,,,,,,,,,,,,,,,,,,,,,,,,,,,,,,,,,,,,,,,,,,,,,,,,
,,,,,,,,,,,,,,,,,,,,,,,,,,,,,,,,,,,,,,,,,,,,,,,,,,,,,,,,,,,,,,,,,,,,,,,,,,,,,,,,,,,,,,,,,,,,,,,,,
,,,,,,,,,,,,,,,,,,,,,,,,,,,,,,,,,,,,,,,,,,,,,,,,,,,,,,,,,,,,,,,,,,,,,,,,,,,,,,,,,,,,,,,,,,,,,,,,,
,,,,,,,,,,,,,,,,,,,,,,,,,,,,,,,,,,,,,,,,,,,,,,,,,,,,,,,,,,,,,,,,,,,,,,,,,,,,,,,,,,,,,,,,,,,,,,,,,
,,,,,,,,,,,,,,,,,,,,,,,,,,,,,,,,,,,,,,,,,,,,,,,,,,,,,,,,,,,,,,,,,,,,,,,,,,,,,,,,,,,,,,,,,,,,,,,,,
,,,,,,,,,,,,,,,,,,,,,,,,,,,,,,,,,,,,,,,,,,,,,,,,,,,,,,,,,,,,,,,,,,,,,,,,,,,,,,,,,,,,,,,,,,,,,,,,,
,,,,,,,,,,,,,,,,,,,,,,,,,,,,,,,,,,,,,,,,,,,,,,,,,,,,,,,,,,,,,,,,,,,,,,,,,,,,,,,,,,,,,,,,,,,,,,,,,
,,,,,,,,,,,,,,,,,,,,,,,,,,,,,,,,,,,,,,,,,,,,,,,,,,,,,,,,,,,,,,,,,,,,,,,,,,,,,,,,,,,,,,,,,,,,,,,,,
,,,,,,,,,,,,,,,,,,,,,,,,,,,,,,,,,,,,,,,,,,,,,,,,,,,,,,,,,,,,,,,,,,,,,,,,,,,,,,,,,,,,,,,,,,,,,,,,,
,,,,,,,,,,,,,,,,,,,,,,,,,,,,,,,,,,,,,,,,,,,,,,,,,,,,,,,,,,,,,,,,,,,,,,,,,,,,,,,,,,,,,,,,,,,,,,,,,
,,,,,,,,,,,,,,,,,,,,,,,,,,,,,,,,,,,,,,,,,,,,,,,,,,,,,,,,,,,,,,,,,,,,,,,,,,,,,,,,,,,,,,,,,,,,,,,,,
,,,,,,,,,,,,,,,,,,,,,,,,,,,,,,,,,,,,,,,,,,,,,,,,,,,,,,,,,,,,,,,,,,,,,,,,,,,,,,,,,,,,,,,,,,,,,,,,,
,,,,,,,,,,,,,,,,,,,,,,,,,,,,,,,,,,,,,,,,,,,,,,,,,,,,,,,,,,,,,,,,,,,,,,,,,,,,,,,,,,,,,,,,,,,,,,,,,
,,,,,,,,,,,,,,,,,,,,,,,,,,,,,,,,,,,,,,,,,,,,,,,,,,,,,,,,,,,,,,,,,,,,,,,,,,,,,,,,,,,,,,,,,,,,,,,,,
,,,,,,,,,,,,,,,,,,,,,,,,,,,,,,,,,,,,,,,,,,,,,,,,,,,,,,,,,,,,,,,,,,,,,,,,,,,,,,,,,,,,,,,,,,,,,,,,,
,,,,,,,,,,,,,,,,,,,,,,,,,,,,,,,,,,,,,,,,,,,,,,,,,,,,,,,,,,,,,,,,,,,,,,,,,,,,,,,,,,,,,,,,,,,,,,,,,
,,,,,,,,,,,,,,,,,,,,,,,,,,,,,,,,,,,,,,,,,,,,,,,,,,,,,,,,,,,,,,,,,,,,,,,,,,,,,,,,,,,,,,,,,,,,,,,,,
,,,,,,,,,,,,,,,,,,,,,,,,,,,,,,,,,,,,,,,,,,,,,,,,,,,,,,,,,,,,,,,,,,,,,,,,,,,,,,,,,,,,,,,,,,,,,,,,,
,,,,,,,,,,,,,,,,,,,,,,,,,,,,,,,,,,,,,,,,,,,,,,,,,,,,,,,,,,,,,,,,,,,,,,,,,,,,,,,,,,,,,,,,,,,,,,,,,
,,,,,,,,,,,,,,,,,,,,,,,,,,,,,,,,,,,,,,,,,,,,,,,,,,,,,,,,,,,,,,,,,,,,,,,,,,,,,,,,,,,,,,,,,,,,,,,,,
,,,,,,,,,,,,,,,,,,,,,,,,,,,,,,,,,,,,,,,,,,,,,,,,,,,,,,,,,,,,,,,,,,,,,,,,,,,,,,,,,,,,,,,,,,,,,,,,,
,,,,,,,,,,,,,,,,,,,,,,,,,,,,,,,,,,,,,,,,,,,,,,,,,,,,,,,,,,,,,,,,,,,,,,,,,,,,,,,,,,,,,,,,,,,,,,,,,
,,,,,,,,,,,,,,,,,,,,,,,,,,,,,,,,,,,,,,,,,,,,,,,,,,,,,,,,,,,,,,,,,,,,,,,,,,,,,,,,,,,,,,,,,,,,,,,,,
,,,,,,,,,,,,,,,,,,,,,,,,,,,,,,,,,,,,,,,,,,,,,,,,,,,,,,,,,,,,,,,,,,,,,,,,,,,,,,,,,,,,,,,,,,,,,,,,,
,,,,,,,,,,,,,,,,,,,,,,,,,,,,,,,,,,,,,,,,,,,,,,,,,,,,,,,,,,,,,,,,,,,,,,,,,,,,,,,,,,,,,,,,,,,,,,,,,
,,,,,,,,,,,,,,,,,,,,,,,,,,,,,,,,,,,,,,,,,,,,,,,,,,,,,,,,,,,,,,,,,,,,,,,,,,,,,,,,,,,,,,,,,,,,,,,,,
,,,,,,,,,,,,,,,,,,,,,,,,,,,,,,,,,,,,,,,,,,,,,,,,,,,,,,,,,,,,,,,,,,,,,,,,,,,,,,,,,,,,,,,,,,,,,,,,,
,,,,,,,,,,,,,,,,,,,,,,,,,,,,,,,,,,,,,,,,,,,,,,,,,,,,,,,,,,,,,,,,,,,,,,,,,,,,,,,,,,,,,,,,,,,,,,,,,
,,,,,,,,,,,,,,,,,,,,,,,,,,,,,,,,,,,,,,,,,,,,,,,,,,,,,,,,,,,,,,,,,,,,,,,,,,,,,,,,,,,,,,,,,,,,,,,,,
,,,,,,,,,,,,,,,,,,,,,,,,,,,,,,,,,,,,,,,,,,,,,,,,,,,,,,,,,,,,,,,,,,,,,,,,,,,,,,,,,,,,,,,,,,,,,,,,,
,,,,,,,,,,,,,,,,,,,,,,,,,,,,,,,,,,,,,,,,,,,,,,,,,,,,,,,,,,,,,,,,,,,,,,,,,,,,,,,,,,,,,,,,,,,,,,,,,
,,,,,,,,,,,,,,,,,,,,,,,,,,,,,,,,,,,,,,,,,,,,,,,,,,,,,,,,,,,,,,,,,,,,,,,,,,,,,,,,,,,,,,,,,,,,,,,,,
,,,,,,,,,,,,,,,,,,,,,,,,,,,,,,,,,,,,,,,,,,,,,,,,,,,,,,,,,,,,,,,,,,,,,,,,,,,,,,,,,,,,,,,,,,,,,,,,,
,,,,,,,,,,,,,,,,,,,,,,,,,,,,,,,,,,,,,,,,,,,,,,,,,,,,,,,,,,,,,,,,,,,,,,,,,,,,,,,,,,,,,,,,,,,,,,,,,
,,,,,,,,,,,,,,,,,,,,,,,,,,,,,,,,,,,,,,,,,,,,,,,,,,,,,,,,,,,,,,,,,,,,,,,,,,,,,,,,,,,,,,,,,,,,,,,,,
,,,,,,,,,,,,,,,,,,,,,,,,,,,,,,,,,,,,,,,,,,,,,,,,,,,,,,,,,,,,,,,,,,,,,,,,,,,,,,,,,,,,,,,,,,,,,,,,,
,,,,,,,,,,,,,,,,,,,,,,,,,,,,,,,,,,,,,,,,,,,,,,,,,,,,,,,,,,,,,,,,,,,,,,,,,,,,,,,,,,,,,,,,,,,,,,,,,
,,,,,,,,,,,,,,,,,,,,,,,,,,,,,,,,,,,,,,,,,,,,,,,,,,,,,,,,,,,,,,,,,,,,,,,,,,,,,,,,,,,,,,,,,,,,,,,,,
,,,,,,,,,,,,,,,,,,,,,,,,,,,,,,,,,,,,,,,,,,,,,,,,,,,,,,,,,,,,,,,,,,,,,,,,,,,,,,,,,,,,,,,,,,,,,,,,,
,,,,,,,,,,,,,,,,,,,,,,,,,,,,,,,,,,,,,,,,,,,,,,,,,,,,,,,,,,,,,,,,,,,,,,,,,,,,,,,,,,,,,,,,,,,,,,,,,
,,,,,,,,,,,,,,,,,,,,,,,,,,,,,,,,,,,,,,,,,,,,,,,,,,,,,,,,,,,,,,,,,,,,,,,,,,,,,,,,,,,,,,,,,,,,,,,,,
,,,,,,,,,,,,,,,,,,,,,,,,,,,,,,,,,,,,,,,,,,,,,,,,,,,,,,,,,,,,,,,,,,,,,,,,,,,,,,,,,,,,,,,,,,,,,,,,,
,,,,,,,,,,,,,,,,,,,,,,,,,,,,,,,,,,,,,,,,,,,,,,,,,,,,,,,,,,,,,,,,,,,,,,,,,,,,,,,,,,,,,,,,,,,,,,,,,
,,,,,,,,,,,,,,,,,,,,,,,,,,,,,,,,,,,,,,,,,,,,,,,,,,,,,,,,,,,,,,,,,,,,,,,,,,,,,,,,,,,,,,,,,,,,,,,,,
,,,,,,,,,,,,,,,,,,,,,,,,,,,,,,,,,,,,,,,,,,,,,,,,,,,,,,,,,,,,,,,,,,,,,,,,,,,,,,,,,,,,,,,,,,,,,,,,,
,,,,,,,,,,,,,,,,,,,,,,,,,,,,,,,,,,,,,,,,,,,,,,,,,,,,,,,,,,,,,,,,,,,,,,,,,,,,,,,,,,,,,,,,,,,,,,,,,
,,,,,,,,,,,,,,,,,,,,,,,,,,,,,,,,,,,,,,,,,,,,,,,,,,,,,,,,,,,,,,,,,,,,,,,,,,,,,,,,,,,,,,,,,,,,,,,,,
,,,,,,,,,,,,,,,,,,,,,,,,,,,,,,,,,,,,,,,,,,,,,,,,,,,,,,,,,,,,,,,,,,,,,,,,,,,,,,,,,,,,,,,,,,,,,,,,,
,,,,,,,,,,,,,,,,,,,,,,,,,,,,,,,,,,,,,,,,,,,,,,,,,,,,,,,,,,,,,,,,,,,,,,,,,,,,,,,,,,,,,,,,,,,,,,,,,
,,,,,,,,,,,,,,,,,,,,,,,,,,,,,,,,,,,,,,,,,,,,,,,,,,,,,,,,,,,,,,,,,,,,,,,,,,,,,,,,,,,,,,,,,,,,,,,,,
,,,,,,,,,,,,,,,,,,,,,,,,,,,,,,,,,,,,,,,,,,,,,,,,,,,,,,,,,,,,,,,,,,,,,,,,,,,,,,,,,,,,,,,,,,,,,,,,,
,,,,,,,,,,,,,,,,,,,,,,,,,,,,,,,,,,,,,,,,,,,,,,,,,,,,,,,,,,,,,,,,,,,,,,,,,,,,,,,,,,,,,,,,,,,,,,,,,
,,,,,,,,,,,,,,,,,,,,,,,,,,,,,,,,,,,,,,,,,,,,,,,,,,,,,,,,,,,,,,,,,,,,,,,,,,,,,,,,,,,,,,,,,,,,,,,,,
,,,,,,,,,,,,,,,,,,,,,,,,,,,,,,,,,,,,,,,,,,,,,,,,,,,,,,,,,,,,,,,,,,,,,,,,,,,,,,,,,,,,,,,,,,,,,,,,,
,,,,,,,,,,,,,,,,,,,,,,,,,,,,,,,,,,,,,,,,,,,,,,,,,,,,,,,,,,,,,,,,,,,,,,,,,,,,,,,,,,,,,,,,,,,,,,,,,
,,,,,,,,,,,,,,,,,,,,,,,,,,,,,,,,,,,,,,,,,,,,,,,,,,,,,,,,,,,,,,,,,,,,,,,,,,,,,,,,,,,,,,,,,,,,,,,,,
,,,,,,,,,,,,,,,,,,,,,,,,,,,,,,,,,,,,,,,,,,,,,,,,,,,,,,,,,,,,,,,,,,,,,,,,,,,,,,,,,,,,,,,,,,,,,,,,,
,,,,,,,,,,,,,,,,,,,,,,,,,,,,,,,,,,,,,,,,,,,,,,,,,,,,,,,,,,,,,,,,,,,,,,,,,,,,,,,,,,,,,,,,,,,,,,,,,
,,,,,,,,,,,,,,,,,,,,,,,,,,,,,,,,,,,,,,,,,,,,,,,,,,,,,,,,,,,,,,,,,,,,,,,,,,,,,,,,,,,,,,,,,,,,,,,,,
,,,,,,,,,,,,,,,,,,,,,,,,,,,,,,,,,,,,,,,,,,,,,,,,,,,,,,,,,,,,,,,,,,,,,,,,,,,,,,,,,,,,,,,,,,,,,,,,,
,,,,,,,,,,,,,,,,,,,,,,,,,,,,,,,,,,,,,,,,,,,,,,,,,,,,,,,,,,,,,,,,,,,,,,,,,,,,,,,,,,,,,,,,,,,,,,,,,
,,,,,,,,,,,,,,,,,,,,,,,,,,,,,,,,,,,,,,,,,,,,,,,,,,,,,,,,,,,,,,,,,,,,,,,,,,,,,,,,,,,,,,,,,,,,,,,,,
,,,,,,,,,,,,,,,,,,,,,,,,,,,,,,,,,,,,,,,,,,,,,,,,,,,,,,,,,,,,,,,,,,,,,,,,,,,,,,,,,,,,,,,,,,,,,,,,,
,,,,,,,,,,,,,,,,,,,,,,,,,,,,,,,,,,,,,,,,,,,,,,,,,,,,,,,,,,,,,,,,,,,,,,,,,,,,,,,,,,,,,,,,,,,,,,,,,
,,,,,,,,,,,,,,,,,,,,,,,,,,,,,,,,,,,,,,,,,,,,,,,,,,,,,,,,,,,,,,,,,,,,,,,,,,,,,,,,,,,,,,,,,,,,,,,,,
,,,,,,,,,,,,,,,,,,,,,,,,,,,,,,,,,,,,,,,,,,,,,,,,,,,,,,,,,,,,,,,,,,,,,,,,,,,,,,,,,,,,,,,,,,,,,,,,,
,,,,,,,,,,,,,,,,,,,,,,,,,,,,,,,,,,,,,,,,,,,,,,,,,,,,,,,,,,,,,,,,,,,,,,,,,,,,,,,,,,,,,,,,,,,,,,,,,
,,,,,,,,,,,,,,,,,,,,,,,,,,,,,,,,,,,,,,,,,,,,,,,,,,,,,,,,,,,,,,,,,,,,,,,,,,,,,,,,,,,,,,,,,,,,,,,,,
,,,,,,,,,,,,,,,,,,,,,,,,,,,,,,,,,,,,,,,,,,,,,,,,,,,,,,,,,,,,,,,,,,,,,,,,,,,,,,,,,,,,,,,,,,,,,,,,,
,,,,,,,,,,,,,,,,,,,,,,,,,,,,,,,,,,,,,,,,,,,,,,,,,,,,,,,,,,,,,,,,,,,,,,,,,,,,,,,,,,,,,,,,,,,,,,,,,
,,,,,,,,,,,,,,,,,,,,,,,,,,,,,,,,,,,,,,,,,,,,,,,,,,,,,,,,,,,,,,,,,,,,,,,,,,,,,,,,,,,,,,,,,,,,,,,,,
,,,,,,,,,,,,,,,,,,,,,,,,,,,,,,,,,,,,,,,,,,,,,,,,,,,,,,,,,,,,,,,,,,,,,,,,,,,,,,,,,,,,,,,,,,,,,,,,,
,,,,,,,,,,,,,,,,,,,,,,,,,,,,,,,,,,,,,,,,,,,,,,,,,,,,,,,,,,,,,,,,,,,,,,,,,,,,,,,,,,,,,,,,,,,,,,,,,
,,,,,,,,,,,,,,,,,,,,,,,,,,,,,,,,,,,,,,,,,,,,,,,,,,,,,,,,,,,,,,,,,,,,,,,,,,,,,,,,,,,,,,,,,,,,,,,,,
,,,,,,,,,,,,,,,,,,,,,,,,,,,,,,,,,,,,,,,,,,,,,,,,,,,,,,,,,,,,,,,,,,,,,,,,,,,,,,,,,,,,,,,,,,,,,,,,,
,,,,,,,,,,,,,,,,,,,,,,,,,,,,,,,,,,,,,,,,,,,,,,,,,,,,,,,,,,,,,,,,,,,,,,,,,,,,,,,,,,,,,,,,,,,,,,,,,
,,,,,,,,,,,,,,,,,,,,,,,,,,,,,,,,,,,,,,,,,,,,,,,,,,,,,,,,,,,,,,,,,,,,,,,,,,,,,,,,,,,,,,,,,,,,,,,,,
,,,,,,,,,,,,,,,,,,,,,,,,,,,,,,,,,,,,,,,,,,,,,,,,,,,,,,,,,,,,,,,,,,,,,,,,,,,,,,,,,,,,,,,,,,,,,,,,,
,,,,,,,,,,,,,,,,,,,,,,,,,,,,,,,,,,,,,,,,,,,,,,,,,,,,,,,,,,,,,,,,,,,,,,,,,,,,,,,,,,,,,,,,,,,,,,,,,
,,,,,,,,,,,,,,,,,,,,,,,,,,,,,,,,,,,,,,,,,,,,,,,,,,,,,,,,,,,,,,,,,,,,,,,,,,,,,,,,,,,,,,,,,,,,,,,,,
,,,,,,,,,,,,,,,,,,,,,,,,,,,,,,,,,,,,,,,,,,,,,,,,,,,,,,,,,,,,,,,,,,,,,,,,,,,,,,,,,,,,,,,,,,,,,,,,,
,,,,,,,,,,,,,,,,,,,,,,,,,,,,,,,,,,,,,,,,,,,,,,,,,,,,,,,,,,,,,,,,,,,,,,,,,,,,,,,,,,,,,,,,,,,,,,,,,
,,,,,,,,,,,,,,,,,,,,,,,,,,,,,,,,,,,,,,,,,,,,,,,,,,,,,,,,,,,,,,,,,,,,,,,,,,,,,,,,,,,,,,,,,,,,,,,,,
,,,,,,,,,,,,,,,,,,,,,,,,,,,,,,,,,,,,,,,,,,,,,,,,,,,,,,,,,,,,,,,,,,,,,,,,,,,,,,,,,,,,,,,,,,,,,,,,,
,,,,,,,,,,,,,,,,,,,,,,,,,,,,,,,,,,,,,,,,,,,,,,,,,,,,,,,,,,,,,,,,,,,,,,,,,,,,,,,,,,,,,,,,,,,,,,,,,
,,,,,,,,,,,,,,,,,,,,,,,,,,,,,,,,,,,,,,,,,,,,,,,,,,,,,,,,,,,,,,,,,,,,,,,,,,,,,,,,,,,,,,,,,,,,,,,,,
,,,,,,,,,,,,,,,,,,,,,,,,,,,,,,,,,,,,,,,,,,,,,,,,,,,,,,,,,,,,,,,,,,,,,,,,,,,,,,,,,,,,,,,,,,,,,,,,,
,,,,,,,,,,,,,,,,,,,,,,,,,,,,,,,,,,,,,,,,,,,,,,,,,,,,,,,,,,,,,,,,,,,,,,,,,,,,,,,,,,,,,,,,,,,,,,,,,
,,,,,,,,,,,,,,,,,,,,,,,,,,,,,,,,,,,,,,,,,,,,,,,,,,,,,,,,,,,,,,,,,,,,,,,,,,,,,,,,,,,,,,,,,,,,,,,,,
,,,,,,,,,,,,,,,,,,,,,,,,,,,,,,,,,,,,,,,,,,,,,,,,,,,,,,,,,,,,,,,,,,,,,,,,,,,,,,,,,,,,,,,,,,,,,,,,,
,,,,,,,,,,,,,,,,,,,,,,,,,,,,,,,,,,,,,,,,,,,,,,,,,,,,,,,,,,,,,,,,,,,,,,,,,,,,,,,,,,,,,,,,,,,,,,,,,
,,,,,,,,,,,,,,,,,,,,,,,,,,,,,,,,,,,,,,,,,,,,,,,,,,,,,,,,,,,,,,,,,,,,,,,,,,,,,,,,,,,,,,,,,,,,,,,,,
,,,,,,,,,,,,,,,,,,,,,,,,,,,,,,,,,,,,,,,,,,,,,,,,,,,,,,,,,,,,,,,,,,,,,,,,,,,,,,,,,,,,,,,,,,,,,,,,,
,,,,,,,,,,,,,,,,,,,,,,,,,,,,,,,,,,,,,,,,,,,,,,,,,,,,,,,,,,,,,,,,,,,,,,,,,,,,,,,,,,,,,,,,,,,,,,,,,
,,,,,,,,,,,,,,,,,,,,,,,,,,,,,,,,,,,,,,,,,,,,,,,,,,,,,,,,,,,,,,,,,,,,,,,,,,,,,,,,,,,,,,,,,,,,,,,,,
,,,,,,,,,,,,,,,,,,,,,,,,,,,,,,,,,,,,,,,,,,,,,,,,,,,,,,,,,,,,,,,,,,,,,,,,,,,,,,,,,,,,,,,,,,,,,,,,,
,,,,,,,,,,,,,,,,,,,,,,,,,,,,,,,,,,,,,,,,,,,,,,,,,,,,,,,,,,,,,,,,,,,,,,,,,,,,,,,,,,,,,,,,,,,,,,,,,
,,,,,,,,,,,,,,,,,,,,,,,,,,,,,,,,,,,,,,,,,,,,,,,,,,,,,,,,,,,,,,,,,,,,,,,,,,,,,,,,,,,,,,,,,,,,,,,,,
,,,,,,,,,,,,,,,,,,,,,,,,,,,,,,,,,,,,,,,,,,,,,,,,,,,,,,,,,,,,,,,,,,,,,,,,,,,,,,,,,,,,,,,,,,,,,,,,,
,,,,,,,,,,,,,,,,,,,,,,,,,,,,,,,,,,,,,,,,,,,,,,,,,,,,,,,,,,,,,,,,,,,,,,,,,,,,,,,,,,,,,,,,,,,,,,,,,
,,,,,,,,,,,,,,,,,,,,,,,,,,,,,,,,,,,,,,,,,,,,,,,,,,,,,,,,,,,,,,,,,,,,,,,,,,,,,,,,,,,,,,,,,,,,,,,,,
,,,,,,,,,,,,,,,,,,,,,,,,,,,,,,,,,,,,,,,,,,,,,,,,,,,,,,,,,,,,,,,,,,,,,,,,,,,,,,,,,,,,,,,,,,,,,,,,,
,,,,,,,,,,,,,,,,,,,,,,,,,,,,,,,,,,,,,,,,,,,,,,,,,,,,,,,,,,,,,,,,,,,,,,,,,,,,,,,,,,,,,,,,,,,,,,,,,
,,,,,,,,,,,,,,,,,,,,,,,,,,,,,,,,,,,,,,,,,,,,,,,,,,,,,,,,,,,,,,,,,,,,,,,,,,,,,,,,,,,,,,,,,,,,,,,,,
,,,,,,,,,,,,,,,,,,,,,,,,,,,,,,,,,,,,,,,,,,,,,,,,,,,,,,,,,,,,,,,,,,,,,,,,,,,,,,,,,,,,,,,,,,,,,,,,,
,,,,,,,,,,,,,,,,,,,,,,,,,,,,,,,,,,,,,,,,,,,,,,,,,,,,,,,,,,,,,,,,,,,,,,,,,,,,,,,,,,,,,,,,,,,,,,,,,
,,,,,,,,,,,,,,,,,,,,,,,,,,,,,,,,,,,,,,,,,,,,,,,,,,,,,,,,,,,,,,,,,,,,,,,,,,,,,,,,,,,,,,,,,,,,,,,,,
,,,,,,,,,,,,,,,,,,,,,,,,,,,,,,,,,,,,,,,,,,,,,,,,,,,,,,,,,,,,,,,,,,,,,,,,,,,,,,,,,,,,,,,,,,,,,,,,,
,,,,,,,,,,,,,,,,,,,,,,,,,,,,,,,,,,,,,,,,,,,,,,,,,,,,,,,,,,,,,,,,,,,,,,,,,,,,,,,,,,,,,,,,,,,,,,,,,
,,,,,,,,,,,,,,,,,,,,,,,,,,,,,,,,,,,,,,,,,,,,,,,,,,,,,,,,,,,,,,,,,,,,,,,,,,,,,,,,,,,,,,,,,,,,,,,,,
,,,,,,,,,,,,,,,,,,,,,,,,,,,,,,,,,,,,,,,,,,,,,,,,,,,,,,,,,,,,,,,,,,,,,,,,,,,,,,,,,,,,,,,,,,,,,,,,,
,,,,,,,,,,,,,,,,,,,,,,,,,,,,,,,,,,,,,,,,,,,,,,,,,,,,,,,,,,,,,,,,,,,,,,,,,,,,,,,,,,,,,,,,,,,,,,,,,
,,,,,,,,,,,,,,,,,,,,,,,,,,,,,,,,,,,,,,,,,,,,,,,,,,,,,,,,,,,,,,,,,,,,,,,,,,,,,,,,,,,,,,,,,,,,,,,,,
,,,,,,,,,,,,,,,,,,,,,,,,,,,,,,,,,,,,,,,,,,,,,,,,,,,,,,,,,,,,,,,,,,,,,,,,,,,,,,,,,,,,,,,,,,,,,,,,,
,,,,,,,,,,,,,,,,,,,,,,,,,,,,,,,,,,,,,,,,,,,,,,,,,,,,,,,,,,,,,,,,,,,,,,,,,,,,,,,,,,,,,,,,,,,,,,,,,
,,,,,,,,,,,,,,,,,,,,,,,,,,,,,,,,,,,,,,,,,,,,,,,,,,,,,,,,,,,,,,,,,,,,,,,,,,,,,,,,,,,,,,,,,,,,,,,,,
,,,,,,,,,,,,,,,,,,,,,,,,,,,,,,,,,,,,,,,,,,,,,,,,,,,,,,,,,,,,,,,,,,,,,,,,,,,,,,,,,,,,,,,,,,,,,,,,,
,,,,,,,,,,,,,,,,,,,,,,,,,,,,,,,,,,,,,,,,,,,,,,,,,,,,,,,,,,,,,,,,,,,,,,,,,,,,,,,,,,,,,,,,,,,,,,,,,
,,,,,,,,,,,,,,,,,,,,,,,,,,,,,,,,,,,,,,,,,,,,,,,,,,,,,,,,,,,,,,,,,,,,,,,,,,,,,,,,,,,,,,,,,,,,,,,,,
,,,,,,,,,,,,,,,,,,,,,,,,,,,,,,,,,,,,,,,,,,,,,,,,,,,,,,,,,,,,,,,,,,,,,,,,,,,,,,,,,,,,,,,,,,,,,,,,,
,,,,,,,,,,,,,,,,,,,,,,,,,,,,,,,,,,,,,,,,,,,,,,,,,,,,,,,,,,,,,,,,,,,,,,,,,,,,,,,,,,,,,,,,,,,,,,,,,
,,,,,,,,,,,,,,,,,,,,,,,,,,,,,,,,,,,,,,,,,,,,,,,,,,,,,,,,,,,,,,,,,,,,,,,,,,,,,,,,,,,,,,,,,,,,,,,,,
,,,,,,,,,,,,,,,,,,,,,,,,,,,,,,,,,,,,,,,,,,,,,,,,,,,,,,,,,,,,,,,,,,,,,,,,,,,,,,,,,,,,,,,,,,,,,,,,,
,,,,,,,,,,,,,,,,,,,,,,,,,,,,,,,,,,,,,,,,,,,,,,,,,,,,,,,,,,,,,,,,,,,,,,,,,,,,,,,,,,,,,,,,,,,,,,,,,
,,,,,,,,,,,,,,,,,,,,,,,,,,,,,,,,,,,,,,,,,,,,,,,,,,,,,,,,,,,,,,,,,,,,,,,,,,,,,,,,,,,,,,,,,,,,,,,,,
,,,,,,,,,,,,,,,,,,,,,,,,,,,,,,,,,,,,,,,,,,,,,,,,,,,,,,,,,,,,,,,,,,,,,,,,,,,,,,,,,,,,,,,,,,,,,,,,,
,,,,,,,,,,,,,,,,,,,,,,,,,,,,,,,,,,,,,,,,,,,,,,,,,,,,,,,,,,,,,,,,,,,,,,,,,,,,,,,,,,,,,,,,,,,,,,,,,
,,,,,,,,,,,,,,,,,,,,,,,,,,,,,,,,,,,,,,,,,,,,,,,,,,,,,,,,,,,,,,,,,,,,,,,,,,,,,,,,,,,,,,,,,,,,,,,,,
,,,,,,,,,,,,,,,,,,,,,,,,,,,,,,,,,,,,,,,,,,,,,,,,,,,,,,,,,,,,,,,,,,,,,,,,,,,,,,,,,,,,,,,,,,,,,,,,,
,,,,,,,,,,,,,,,,,,,,,,,,,,,,,,,,,,,,,,,,,,,,,,,,,,,,,,,,,,,,,,,,,,,,,,,,,,,,,,,,,,,,,,,,,,,,,,,,,
,,,,,,,,,,,,,,,,,,,,,,,,,,,,,,,,,,,,,,,,,,,,,,,,,,,,,,,,,,,,,,,,,,,,,,,,,,,,,,,,,,,,,,,,,,,,,,,,,
,,,,,,,,,,,,,,,,,,,,,,,,,,,,,,,,,,,,,,,,,,,,,,,,,,,,,,,,,,,,,,,,,,,,,,,,,,,,,,,,,,,,,,,,,,,,,,,,,
,,,,,,,,,,,,,,,,,,,,,,,,,,,,,,,,,,,,,,,,,,,,,,,,,,,,,,,,,,,,,,,,,,,,,,,,,,,,,,,,,,,,,,,,,,,,,,,,,
,,,,,,,,,,,,,,,,,,,,,,,,,,,,,,,,,,,,,,,,,,,,,,,,,,,,,,,,,,,,,,,,,,,,,,,,,,,,,,,,,,,,,,,,,,,,,,,,,
,,,,,,,,,,,,,,,,,,,,,,,,,,,,,,,,,,,,,,,,,,,,,,,,,,,,,,,,,,,,,,,,,,,,,,,,,,,,,,,,,,,,,,,,,,,,,,,,,
,,,,,,,,,,,,,,,,,,,,,,,,,,,,,,,,,,,,,,,,,,,,,,,,,,,,,,,,,,,,,,,,,,,,,,,,,,,,,,,,,,,,,,,,,,,,,,,,,
,,,,,,,,,,,,,,,,,,,,,,,,,,,,,,,,,,,,,,,,,,,,,,,,,,,,,,,,,,,,,,,,,,,,,,,,,,,,,,,,,,,,,,,,,,,,,,,,,
,,,,,,,,,,,,,,,,,,,,,,,,,,,,,,,,,,,,,,,,,,,,,,,,,,,,,,,,,,,,,,,,,,,,,,,,,,,,,,,,,,,,,,,,,,,,,,,,,
,,,,,,,,,,,,,,,,,,,,,,,,,,,,,,,,,,,,,,,,,,,,,,,,,,,,,,,,,,,,,,,,,,,,,,,,,,,,,,,,,,,,,,,,,,,,,,,,,
,,,,,,,,,,,,,,,,,,,,,,,,,,,,,,,,,,,,,,,,,,,,,,,,,,,,,,,,,,,,,,,,,,,,,,,,,,,,,,,,,,,,,,,,,,,,,,,,,
,,,,,,,,,,,,,,,,,,,,,,,,,,,,,,,,,,,,,,,,,,,,,,,,,,,,,,,,,,,,,,,,,,,,,,,,,,,,,,,,,,,,,,,,,,,,,,,,,
,,,,,,,,,,,,,,,,,,,,,,,,,,,,,,,,,,,,,,,,,,,,,,,,,,,,,,,,,,,,,,,,,,,,,,,,,,,,,,,,,,,,,,,,,,,,,,,,,
,,,,,,,,,,,,,,,,,,,,,,,,,,,,,,,,,,,,,,,,,,,,,,,,,,,,,,,,,,,,,,,,,,,,,,,,,,,,,,,,,,,,,,,,,,,,,,,,,
,,,,,,,,,,,,,,,,,,,,,,,,,,,,,,,,,,,,,,,,,,,,,,,,,,,,,,,,,,,,,,,,,,,,,,,,,,,,,,,,,,,,,,,,,,,,,,,,,
,,,,,,,,,,,,,,,,,,,,,,,,,,,,,,,,,,,,,,,,,,,,,,,,,,,,,,,,,,,,,,,,,,,,,,,,,,,,,,,,,,,,,,,,,,,,,,,,,
,,,,,,,,,,,,,,,,,,,,,,,,,,,,,,,,,,,,,,,,,,,,,,,,,,,,,,,,,,,,,,,,,,,,,,,,,,,,,,,,,,,,,,,,,,,,,,,,,
,,,,,,,,,,,,,,,,,,,,,,,,,,,,,,,,,,,,,,,,,,,,,,,,,,,,,,,,,,,,,,,,,,,,,,,,,,,,,,,,,,,,,,,,,,,,,,,,,
,,,,,,,,,,,,,,,,,,,,,,,,,,,,,,,,,,,,,,,,,,,,,,,,,,,,,,,,,,,,,,,,,,,,,,,,,,,,,,,,,,,,,,,,,,,,,,,,,
,,,,,,,,,,,,,,,,,,,,,,,,,,,,,,,,,,,,,,,,,,,,,,,,,,,,,,,,,,,,,,,,,,,,,,,,,,,,,,,,,,,,,,,,,,,,,,,,,
,,,,,,,,,,,,,,,,,,,,,,,,,,,,,,,,,,,,,,,,,,,,,,,,,,,,,,,,,,,,,,,,,,,,,,,,,,,,,,,,,,,,,,,,,,,,,,,,,
,,,,,,,,,,,,,,,,,,,,,,,,,,,,,,,,,,,,,,,,,,,,,,,,,,,,,,,,,,,,,,,,,,,,,,,,,,,,,,,,,,,,,,,,,,,,,,,,,
,,,,,,,,,,,,,,,,,,,,,,,,,,,,,,,,,,,,,,,,,,,,,,,,,,,,,,,,,,,,,,,,,,,,,,,,,,,,,,,,,,,,,,,,,,,,,,,,,
,,,,,,,,,,,,,,,,,,,,,,,,,,,,,,,,,,,,,,,,,,,,,,,,,,,,,,,,,,,,,,,,,,,,,,,,,,,,,,,,,,,,,,,,,,,,,,,,,
,,,,,,,,,,,,,,,,,,,,,,,,,,,,,,,,,,,,,,,,,,,,,,,,,,,,,,,,,,,,,,,,,,,,,,,,,,,,,,,,,,,,,,,,,,,,,,,,,
,,,,,,,,,,,,,,,,,,,,,,,,,,,,,,,,,,,,,,,,,,,,,,,,,,,,,,,,,,,,,,,,,,,,,,,,,,,,,,,,,,,,,,,,,,,,,,,,,
,,,,,,,,,,,,,,,,,,,,,,,,,,,,,,,,,,,,,,,,,,,,,,,,,,,,,,,,,,,,,,,,,,,,,,,,,,,,,,,,,,,,,,,,,,,,,,,,,
,,,,,,,,,,,,,,,,,,,,,,,,,,,,,,,,,,,,,,,,,,,,,,,,,,,,,,,,,,,,,,,,,,,,,,,,,,,,,,,,,,,,,,,,,,,,,,,,,
,,,,,,,,,,,,,,,,,,,,,,,,,,,,,,,,,,,,,,,,,,,,,,,,,,,,,,,,,,,,,,,,,,,,,,,,,,,,,,,,,,,,,,,,,,,,,,,,,
,,,,,,,,,,,,,,,,,,,,,,,,,,,,,,,,,,,,,,,,,,,,,,,,,,,,,,,,,,,,,,,,,,,,,,,,,,,,,,,,,,,,,,,,,,,,,,,,,
,,,,,,,,,,,,,,,,,,,,,,,,,,,,,,,,,,,,,,,,,,,,,,,,,,,,,,,,,,,,,,,,,,,,,,,,,,,,,,,,,,,,,,,,,,,,,,,,,
,,,,,,,,,,,,,,,,,,,,,,,,,,,,,,,,,,,,,,,,,,,,,,,,,,,,,,,,,,,,,,,,,,,,,,,,,,,,,,,,,,,,,,,,,,,,,,,,,
,,,,,,,,,,,,,,,,,,,,,,,,,,,,,,,,,,,,,,,,,,,,,,,,,,,,,,,,,,,,,,,,,,,,,,,,,,,,,,,,,,,,,,,,,,,,,,,,,
,,,,,,,,,,,,,,,,,,,,,,,,,,,,,,,,,,,,,,,,,,,,,,,,,,,,,,,,,,,,,,,,,,,,,,,,,,,,,,,,,,,,,,,,,,,,,,,,,
,,,,,,,,,,,,,,,,,,,,,,,,,,,,,,,,,,,,,,,,,,,,,,,,,,,,,,,,,,,,,,,,,,,,,,,,,,,,,,,,,,,,,,,,,,,,,,,,,
,,,,,,,,,,,,,,,,,,,,,,,,,,,,,,,,,,,,,,,,,,,,,,,,,,,,,,,,,,,,,,,,,,,,,,,,,,,,,,,,,,,,,,,,,,,,,,,,,
,,,,,,,,,,,,,,,,,,,,,,,,,,,,,,,,,,,,,,,,,,,,,,,,,,,,,,,,,,,,,,,,,,,,,,,,,,,,,,,,,,,,,,,,,,,,,,,,,
,,,,,,,,,,,,,,,,,,,,,,,,,,,,,,,,,,,,,,,,,,,,,,,,,,,,,,,,,,,,,,,,,,,,,,,,,,,,,,,,,,,,,,,,,,,,,,,,,
,,,,,,,,,,,,,,,,,,,,,,,,,,,,,,,,,,,,,,,,,,,,,,,,,,,,,,,,,,,,,,,,,,,,,,,,,,,,,,,,,,,,,,,,,,,,,,,,,
,,,,,,,,,,,,,,,,,,,,,,,,,,,,,,,,,,,,,,,,,,,,,,,,,,,,,,,,,,,,,,,,,,,,,,,,,,,,,,,,,,,,,,,,,,,,,,,,,
,,,,,,,,,,,,,,,,,,,,,,,,,,,,,,,,,,,,,,,,,,,,,,,,,,,,,,,,,,,,,,,,,,,,,,,,,,,,,,,,,,,,,,,,,,,,,,,,,
,,,,,,,,,,,,,,,,,,,,,,,,,,,,,,,,,,,,,,,,,,,,,,,,,,,,,,,,,,,,,,,,,,,,,,,,,,,,,,,,,,,,,,,,,,,,,,,,,
,,,,,,,,,,,,,,,,,,,,,,,,,,,,,,,,,,,,,,,,,,,,,,,,,,,,,,,,,,,,,,,,,,,,,,,,,,,,,,,,,,,,,,,,,,,,,,,,,
,,,,,,,,,,,,,,,,,,,,,,,,,,,,,,,,,,,,,,,,,,,,,,,,,,,,,,,,,,,,,,,,,,,,,,,,,,,,,,,,,,,,,,,,,,,,,,,,,
,,,,,,,,,,,,,,,,,,,,,,,,,,,,,,,,,,,,,,,,,,,,,,,,,,,,,,,,,,,,,,,,,,,,,,,,,,,,,,,,,,,,,,,,,,,,,,,,,
,,,,,,,,,,,,,,,,,,,,,,,,,,,,,,,,,,,,,,,,,,,,,,,,,,,,,,,,,,,,,,,,,,,,,,,,,,,,,,,,,,,,,,,,,,,,,,,,,
,,,,,,,,,,,,,,,,,,,,,,,,,,,,,,,,,,,,,,,,,,,,,,,,,,,,,,,,,,,,,,,,,,,,,,,,,,,,,,,,,,,,,,,,,,,,,,,,,
,,,,,,,,,,,,,,,,,,,,,,,,,,,,,,,,,,,,,,,,,,,,,,,,,,,,,,,,,,,,,,,,,,,,,,,,,,,,,,,,,,,,,,,,,,,,,,,,,
,,,,,,,,,,,,,,,,,,,,,,,,,,,,,,,,,,,,,,,,,,,,,,,,,,,,,,,,,,,,,,,,,,,,,,,,,,,,,,,,,,,,,,,,,,,,,,,,,
,,,,,,,,,,,,,,,,,,,,,,,,,,,,,,,,,,,,,,,,,,,,,,,,,,,,,,,,,,,,,,,,,,,,,,,,,,,,,,,,,,,,,,,,,,,,,,,,,
,,,,,,,,,,,,,,,,,,,,,,,,,,,,,,,,,,,,,,,,,,,,,,,,,,,,,,,,,,,,,,,,,,,,,,,,,,,,,,,,,,,,,,,,,,,,,,,,,
,,,,,,,,,,,,,,,,,,,,,,,,,,,,,,,,,,,,,,,,,,,,,,,,,,,,,,,,,,,,,,,,,,,,,,,,,,,,,,,,,,,,,,,,,,,,,,,,,
,,,,,,,,,,,,,,,,,,,,,,,,,,,,,,,,,,,,,,,,,,,,,,,,,,,,,,,,,,,,,,,,,,,,,,,,,,,,,,,,,,,,,,,,,,,,,,,,,
,,,,,,,,,,,,,,,,,,,,,,,,,,,,,,,,,,,,,,,,,,,,,,,,,,,,,,,,,,,,,,,,,,,,,,,,,,,,,,,,,,,,,,,,,,,,,,,,,
,,,,,,,,,,,,,,,,,,,,,,,,,,,,,,,,,,,,,,,,,,,,,,,,,,,,,,,,,,,,,,,,,,,,,,,,,,,,,,,,,,,,,,,,,,,,,,,,,
,,,,,,,,,,,,,,,,,,,,,,,,,,,,,,,,,,,,,,,,,,,,,,,,,,,,,,,,,,,,,,,,,,,,,,,,,,,,,,,,,,,,,,,,,,,,,,,,,
,,,,,,,,,,,,,,,,,,,,,,,,,,,,,,,,,,,,,,,,,,,,,,,,,,,,,,,,,,,,,,,,,,,,,,,,,,,,,,,,,,,,,,,,,,,,,,,,,
,,,,,,,,,,,,,,,,,,,,,,,,,,,,,,,,,,,,,,,,,,,,,,,,,,,,,,,,,,,,,,,,,,,,,,,,,,,,,,,,,,,,,,,,,,,,,,,,,
,,,,,,,,,,,,,,,,,,,,,,,,,,,,,,,,,,,,,,,,,,,,,,,,,,,,,,,,,,,,,,,,,,,,,,,,,,,,,,,,,,,,,,,,,,,,,,,,,
,,,,,,,,,,,,,,,,,,,,,,,,,,,,,,,,,,,,,,,,,,,,,,,,,,,,,,,,,,,,,,,,,,,,,,,,,,,,,,,,,,,,,,,,,,,,,,,,,
,,,,,,,,,,,,,,,,,,,,,,,,,,,,,,,,,,,,,,,,,,,,,,,,,,,,,,,,,,,,,,,,,,,,,,,,,,,,,,,,,,,,,,,,,,,,,,,,,
,,,,,,,,,,,,,,,,,,,,,,,,,,,,,,,,,,,,,,,,,,,,,,,,,,,,,,,,,,,,,,,,,,,,,,,,,,,,,,,,,,,,,,,,,,,,,,,,,
,,,,,,,,,,,,,,,,,,,,,,,,,,,,,,,,,,,,,,,,,,,,,,,,,,,,,,,,,,,,,,,,,,,,,,,,,,,,,,,,,,,,,,,,,,,,,,,,,
,,,,,,,,,,,,,,,,,,,,,,,,,,,,,,,,,,,,,,,,,,,,,,,,,,,,,,,,,,,,,,,,,,,,,,,,,,,,,,,,,,,,,,,,,,,,,,,,,
,,,,,,,,,,,,,,,,,,,,,,,,,,,,,,,,,,,,,,,,,,,,,,,,,,,,,,,,,,,,,,,,,,,,,,,,,,,,,,,,,,,,,,,,,,,,,,,,,
,,,,,,,,,,,,,,,,,,,,,,,,,,,,,,,,,,,,,,,,,,,,,,,,,,,,,,,,,,,,,,,,,,,,,,,,,,,,,,,,,,,,,,,,,,,,,,,,,
,,,,,,,,,,,,,,,,,,,,,,,,,,,,,,,,,,,,,,,,,,,,,,,,,,,,,,,,,,,,,,,,,,,,,,,,,,,,,,,,,,,,,,,,,,,,,,,,,
,,,,,,,,,,,,,,,,,,,,,,,,,,,,,,,,,,,,,,,,,,,,,,,,,,,,,,,,,,,,,,,,,,,,,,,,,,,,,,,,,,,,,,,,,,,,,,,,,
